# WaveFront *.obj file (generated by Autodesk ATF)

mtllib Tool Shelf v6.mtl

g Body1

v 22.000000 1.500000 3.500000
v 22.000000 1.500000 7.000000
v 1.500000 1.500000 7.000000
v 1.500000 1.500000 3.500000
v 22.000000 3.000000 3.500000
v 1.500000 3.000000 3.500000
v 22.000000 3.000000 7.000000
v 1.500000 3.000000 7.000000
vt 0.000000 0.000000 0.000000
vt 8.890000 0.000000 0.000000
vt 0.000000 52.070000 0.000000
vt 8.890000 52.070000 0.000000
vt -0.000000 0.000000 0.000000
vt 3.810000 0.000000 0.000000
vt 0.000000 52.070000 0.000000
vt 3.810000 52.070000 0.000000
vt -0.000000 0.000000 0.000000
vt 8.890000 0.000000 0.000000
vt 0.000000 52.070000 0.000000
vt 8.890000 52.070000 0.000000
vt 0.000000 0.000000 0.000000
vt 3.810000 0.000000 0.000000
vt 0.000000 52.070000 0.000000
vt 3.810000 52.070000 0.000000
vt 4.445000 1.905000 0.000000
vt -4.445000 1.905000 0.000000
vt 4.445000 -1.905000 0.000000
vt -4.445000 -1.905000 0.000000
vt 1.905000 4.445000 0.000000
vt -1.905000 4.445000 0.000000
vt 1.905000 -4.445000 0.000000
vt -1.905000 -4.445000 0.000000
vn 0.000000 -2.540000 0.000000
vn 0.000000 -2.540000 0.000000
vn 0.000000 -2.540000 0.000000
vn 0.000000 -2.540000 0.000000
vn 0.000000 0.000000 -2.540000
vn 0.000000 0.000000 -2.540000
vn 0.000000 0.000000 -2.540000
vn 0.000000 0.000000 -2.540000
vn 0.000000 2.540000 0.000000
vn 0.000000 2.540000 0.000000
vn 0.000000 2.540000 0.000000
vn 0.000000 2.540000 0.000000
vn 0.000000 0.000000 2.540000
vn 0.000000 0.000000 2.540000
vn 0.000000 0.000000 2.540000
vn 0.000000 0.000000 2.540000
vn -2.540000 0.000000 0.000000
vn -2.540000 0.000000 0.000000
vn -2.540000 0.000000 0.000000
vn -2.540000 0.000000 0.000000
vn 2.540000 0.000000 0.000000
vn 2.540000 0.000000 0.000000
vn 2.540000 0.000000 0.000000
vn 2.540000 0.000000 0.000000
usemtl Steel_-_Satin
f 1/1/1 2/2/2 4/3/3
f 4/3/3 2/2/2 3/4/4
f 5/5/5 1/6/6 6/7/7
f 6/7/7 1/6/6 4/8/8
f 7/9/9 5/10/10 8/11/11
f 8/11/11 5/10/10 6/12/12
f 2/13/13 7/14/14 3/15/15
f 3/15/15 7/14/14 8/16/16
f 8/17/17 6/18/18 3/19/19
f 3/19/19 6/18/18 4/20/20
f 7/21/21 2/22/22 5/23/23
f 5/23/23 2/22/22 1/24/24
g Body1:1

v 22.000000 54.500000 3.500000
v 22.000000 54.500000 7.000000
v 1.500000 54.500000 7.000000
v 1.500000 54.500000 3.500000
v 22.000000 56.000000 3.500000
v 1.500000 56.000000 3.500000
v 22.000000 56.000000 7.000000
v 1.500000 56.000000 7.000000
vt 0.000000 0.000000 0.000000
vt 8.890000 0.000000 0.000000
vt 0.000000 52.070000 0.000000
vt 8.890000 52.070000 0.000000
vt -0.000000 0.000000 0.000000
vt 3.810000 0.000000 0.000000
vt 0.000000 52.070000 0.000000
vt 3.810000 52.070000 0.000000
vt -0.000000 0.000000 0.000000
vt 8.890000 0.000000 0.000000
vt 0.000000 52.070000 0.000000
vt 8.890000 52.070000 0.000000
vt 0.000000 0.000000 0.000000
vt 3.810000 0.000000 0.000000
vt 0.000000 52.070000 0.000000
vt 3.810000 52.070000 0.000000
vt 4.445000 1.905000 0.000000
vt -4.445000 1.905000 0.000000
vt 4.445000 -1.905000 0.000000
vt -4.445000 -1.905000 0.000000
vt 1.905000 4.445000 0.000000
vt -1.905000 4.445000 0.000000
vt 1.905000 -4.445000 0.000000
vt -1.905000 -4.445000 0.000000
vn 0.000000 -2.540000 0.000000
vn 0.000000 -2.540000 0.000000
vn 0.000000 -2.540000 0.000000
vn 0.000000 -2.540000 0.000000
vn 0.000000 0.000000 -2.540000
vn 0.000000 0.000000 -2.540000
vn 0.000000 0.000000 -2.540000
vn 0.000000 0.000000 -2.540000
vn 0.000000 2.540000 0.000000
vn 0.000000 2.540000 0.000000
vn 0.000000 2.540000 0.000000
vn 0.000000 2.540000 0.000000
vn 0.000000 0.000000 2.540000
vn 0.000000 0.000000 2.540000
vn 0.000000 0.000000 2.540000
vn 0.000000 0.000000 2.540000
vn -2.540000 0.000000 0.000000
vn -2.540000 0.000000 0.000000
vn -2.540000 0.000000 0.000000
vn -2.540000 0.000000 0.000000
vn 2.540000 0.000000 0.000000
vn 2.540000 0.000000 0.000000
vn 2.540000 0.000000 0.000000
vn 2.540000 0.000000 0.000000
f 9/25/25 10/26/26 12/27/27
f 12/27/27 10/26/26 11/28/28
f 13/29/29 9/30/30 14/31/31
f 14/31/31 9/30/30 12/32/32
f 15/33/33 13/34/34 16/35/35
f 16/35/35 13/34/34 14/36/36
f 10/37/37 15/38/38 11/39/39
f 11/39/39 15/38/38 16/40/40
f 16/41/41 14/42/42 11/43/43
f 11/43/43 14/42/42 12/44/44
f 15/45/45 10/46/46 13/47/47
f 13/47/47 10/46/46 9/48/48
g Body1:2

v 22.000000 28.000000 3.500000
v 22.000000 28.000000 7.000000
v 1.500000 28.000000 7.000000
v 1.500000 28.000000 3.500000
v 22.000000 29.500000 3.500000
v 1.500000 29.500000 3.500000
v 22.000000 29.500000 7.000000
v 1.500000 29.500000 7.000000
vt 0.000000 0.000000 0.000000
vt 8.890000 0.000000 0.000000
vt 0.000000 52.070000 0.000000
vt 8.890000 52.070000 0.000000
vt -0.000000 0.000000 0.000000
vt 3.810000 0.000000 0.000000
vt 0.000000 52.070000 0.000000
vt 3.810000 52.070000 0.000000
vt -0.000000 0.000000 0.000000
vt 8.890000 0.000000 0.000000
vt 0.000000 52.070000 0.000000
vt 8.890000 52.070000 0.000000
vt 0.000000 0.000000 0.000000
vt 3.810000 0.000000 0.000000
vt 0.000000 52.070000 0.000000
vt 3.810000 52.070000 0.000000
vt 4.445000 1.905000 0.000000
vt -4.445000 1.905000 0.000000
vt 4.445000 -1.905000 0.000000
vt -4.445000 -1.905000 0.000000
vt 1.905000 4.445000 0.000000
vt -1.905000 4.445000 0.000000
vt 1.905000 -4.445000 0.000000
vt -1.905000 -4.445000 0.000000
vn 0.000000 -2.540000 0.000000
vn 0.000000 -2.540000 0.000000
vn 0.000000 -2.540000 0.000000
vn 0.000000 -2.540000 0.000000
vn 0.000000 0.000000 -2.540000
vn 0.000000 0.000000 -2.540000
vn 0.000000 0.000000 -2.540000
vn 0.000000 0.000000 -2.540000
vn 0.000000 2.540000 0.000000
vn 0.000000 2.540000 0.000000
vn 0.000000 2.540000 0.000000
vn 0.000000 2.540000 0.000000
vn 0.000000 0.000000 2.540000
vn 0.000000 0.000000 2.540000
vn 0.000000 0.000000 2.540000
vn 0.000000 0.000000 2.540000
vn -2.540000 0.000000 0.000000
vn -2.540000 0.000000 0.000000
vn -2.540000 0.000000 0.000000
vn -2.540000 0.000000 0.000000
vn 2.540000 0.000000 0.000000
vn 2.540000 0.000000 0.000000
vn 2.540000 0.000000 0.000000
vn 2.540000 0.000000 0.000000
f 17/49/49 18/50/50 20/51/51
f 20/51/51 18/50/50 19/52/52
f 21/53/53 17/54/54 22/55/55
f 22/55/55 17/54/54 20/56/56
f 23/57/57 21/58/58 24/59/59
f 24/59/59 21/58/58 22/60/60
f 18/61/61 23/62/62 19/63/63
f 19/63/63 23/62/62 24/64/64
f 24/65/65 22/66/66 19/67/67
f 19/67/67 22/66/66 20/68/68
f 23/69/69 18/70/70 21/71/71
f 21/71/71 18/70/70 17/72/72
g Body1:3

v 0.000000 82.500000 3.500000
v 0.000000 82.500000 7.000000
v 1.500000 82.500000 7.000000
v 1.500000 82.500000 3.500000
v 0.000000 1.500000 3.500000
v 1.500000 1.500000 3.500000
v 0.000000 1.500000 7.000000
v 1.500000 1.500000 7.000000
vt 0.000000 0.000000 0.000000
vt 8.890000 0.000000 0.000000
vt 0.000000 3.810000 0.000000
vt 8.890000 3.810000 0.000000
vt -0.000000 0.000000 0.000000
vt 205.740000 0.000000 0.000000
vt -0.000000 3.810000 0.000000
vt 205.740000 3.810000 0.000000
vt -0.000000 0.000000 0.000000
vt 8.890000 0.000000 0.000000
vt -0.000000 3.810000 0.000000
vt 8.890000 3.810000 0.000000
vt -0.000000 0.000000 0.000000
vt 205.740000 0.000000 0.000000
vt -0.000000 3.810000 0.000000
vt 205.740000 3.810000 0.000000
vt 102.870000 4.445000 0.000000
vt -102.870000 4.445000 0.000000
vt 102.870000 -4.445000 0.000000
vt -102.870000 -4.445000 0.000000
vt -4.445000 -102.870000 0.000000
vt 4.445000 -102.870000 0.000000
vt -4.445000 102.870000 0.000000
vt 4.445000 102.870000 0.000000
vn 0.000000 2.540000 0.000000
vn 0.000000 2.540000 0.000000
vn 0.000000 2.540000 0.000000
vn 0.000000 2.540000 0.000000
vn 0.000000 0.000000 -2.540000
vn 0.000000 0.000000 -2.540000
vn 0.000000 0.000000 -2.540000
vn 0.000000 0.000000 -2.540000
vn 0.000000 -2.540000 0.000000
vn 0.000000 -2.540000 0.000000
vn 0.000000 -2.540000 0.000000
vn 0.000000 -2.540000 0.000000
vn 0.000000 0.000000 2.540000
vn 0.000000 0.000000 2.540000
vn 0.000000 0.000000 2.540000
vn 0.000000 0.000000 2.540000
vn -2.540000 0.000000 0.000000
vn -2.540000 0.000000 0.000000
vn -2.540000 0.000000 0.000000
vn -2.540000 0.000000 0.000000
vn 2.540000 0.000000 0.000000
vn 2.540000 0.000000 0.000000
vn 2.540000 0.000000 0.000000
vn 2.540000 0.000000 0.000000
f 25/73/73 26/74/74 28/75/75
f 28/75/75 26/74/74 27/76/76
f 29/77/77 25/78/78 30/79/79
f 30/79/79 25/78/78 28/80/80
f 31/81/81 29/82/82 32/83/83
f 32/83/83 29/82/82 30/84/84
f 26/85/85 31/86/86 27/87/87
f 27/87/87 31/86/86 32/88/88
f 31/89/89 26/90/90 29/91/91
f 29/91/91 26/90/90 25/92/92
f 32/93/93 30/94/94 27/95/95
f 27/95/95 30/94/94 28/96/96
g Body1:4

v 22.000000 81.000000 3.500000
v 22.000000 81.000000 7.000000
v 1.500000 81.000000 7.000000
v 1.500000 81.000000 3.500000
v 22.000000 82.500000 3.500000
v 1.500000 82.500000 3.500000
v 22.000000 82.500000 7.000000
v 1.500000 82.500000 7.000000
vt 0.000000 0.000000 0.000000
vt 8.890000 0.000000 0.000000
vt 0.000000 52.070000 0.000000
vt 8.890000 52.070000 0.000000
vt -0.000000 0.000000 0.000000
vt 3.810000 0.000000 0.000000
vt 0.000000 52.070000 0.000000
vt 3.810000 52.070000 0.000000
vt -0.000000 0.000000 0.000000
vt 8.890000 0.000000 0.000000
vt 0.000000 52.070000 0.000000
vt 8.890000 52.070000 0.000000
vt 0.000000 0.000000 0.000000
vt 3.810000 0.000000 0.000000
vt 0.000000 52.070000 0.000000
vt 3.810000 52.070000 0.000000
vt 4.445000 1.905000 0.000000
vt -4.445000 1.905000 0.000000
vt 4.445000 -1.905000 0.000000
vt -4.445000 -1.905000 0.000000
vt 1.905000 4.445000 0.000000
vt -1.905000 4.445000 0.000000
vt 1.905000 -4.445000 0.000000
vt -1.905000 -4.445000 0.000000
vn 0.000000 -2.540000 0.000000
vn 0.000000 -2.540000 0.000000
vn 0.000000 -2.540000 0.000000
vn 0.000000 -2.540000 0.000000
vn 0.000000 0.000000 -2.540000
vn 0.000000 0.000000 -2.540000
vn 0.000000 0.000000 -2.540000
vn 0.000000 0.000000 -2.540000
vn 0.000000 2.540000 0.000000
vn 0.000000 2.540000 0.000000
vn 0.000000 2.540000 0.000000
vn 0.000000 2.540000 0.000000
vn 0.000000 0.000000 2.540000
vn 0.000000 0.000000 2.540000
vn 0.000000 0.000000 2.540000
vn 0.000000 0.000000 2.540000
vn -2.540000 0.000000 0.000000
vn -2.540000 0.000000 0.000000
vn -2.540000 0.000000 0.000000
vn -2.540000 0.000000 0.000000
vn 2.540000 0.000000 0.000000
vn 2.540000 0.000000 0.000000
vn 2.540000 0.000000 0.000000
vn 2.540000 0.000000 0.000000
f 33/97/97 34/98/98 36/99/99
f 36/99/99 34/98/98 35/100/100
f 37/101/101 33/102/102 38/103/103
f 38/103/103 33/102/102 36/104/104
f 39/105/105 37/106/106 40/107/107
f 40/107/107 37/106/106 38/108/108
f 34/109/109 39/110/110 35/111/111
f 35/111/111 39/110/110 40/112/112
f 40/113/113 38/114/114 35/115/115
f 35/115/115 38/114/114 36/116/116
f 39/117/117 34/118/118 37/119/119
f 37/119/119 34/118/118 33/120/120
g Body1:5

v 23.500000 82.500000 7.000000
v 23.500000 82.500000 3.500000
v 22.000000 82.500000 3.500000
v 22.000000 82.500000 7.000000
v 23.500000 1.500000 3.500000
v 22.000000 1.500000 3.500000
v 23.500000 1.500000 7.000000
v 22.000000 1.500000 7.000000
vt -8.890000 0.000000 0.000000
vt -0.000000 0.000000 0.000000
vt -8.890000 3.810000 0.000000
vt -0.000000 3.810000 0.000000
vt -205.740000 0.000000 0.000000
vt 0.000000 0.000000 0.000000
vt -205.740000 3.810000 0.000000
vt 0.000000 3.810000 0.000000
vt -8.890000 0.000000 0.000000
vt -0.000000 0.000000 0.000000
vt -8.890000 3.810000 0.000000
vt -0.000000 3.810000 0.000000
vt -205.740000 0.000000 0.000000
vt -0.000000 0.000000 0.000000
vt -205.740000 3.810000 0.000000
vt -0.000000 3.810000 0.000000
vt 102.870000 4.445000 0.000000
vt -102.870000 4.445000 0.000000
vt 102.870000 -4.445000 0.000000
vt -102.870000 -4.445000 0.000000
vt 4.445000 102.870000 0.000000
vt -4.445000 102.870000 0.000000
vt 4.445000 -102.870000 0.000000
vt -4.445000 -102.870000 0.000000
vn 0.000000 2.540000 0.000000
vn 0.000000 2.540000 0.000000
vn 0.000000 2.540000 0.000000
vn 0.000000 2.540000 0.000000
vn 0.000000 0.000000 -2.540000
vn 0.000000 0.000000 -2.540000
vn 0.000000 0.000000 -2.540000
vn 0.000000 0.000000 -2.540000
vn 0.000000 -2.540000 0.000000
vn 0.000000 -2.540000 0.000000
vn 0.000000 -2.540000 0.000000
vn 0.000000 -2.540000 0.000000
vn 0.000000 0.000000 2.540000
vn 0.000000 0.000000 2.540000
vn 0.000000 0.000000 2.540000
vn 0.000000 0.000000 2.540000
vn 2.540000 0.000000 0.000000
vn 2.540000 0.000000 0.000000
vn 2.540000 0.000000 0.000000
vn 2.540000 0.000000 0.000000
vn -2.540000 0.000000 0.000000
vn -2.540000 0.000000 0.000000
vn -2.540000 0.000000 0.000000
vn -2.540000 0.000000 0.000000
f 41/121/121 42/122/122 44/123/123
f 44/123/123 42/122/122 43/124/124
f 42/125/125 45/126/126 43/127/127
f 43/127/127 45/126/126 46/128/128
f 45/129/129 47/130/130 46/131/131
f 46/131/131 47/130/130 48/132/132
f 47/133/133 41/134/134 48/135/135
f 48/135/135 41/134/134 44/136/136
f 41/137/137 47/138/138 42/139/139
f 42/139/139 47/138/138 45/140/140
f 44/141/141 43/142/142 48/143/143
f 48/143/143 43/142/142 46/144/144
g upper

v -0.000000 82.500000 65.000000
v 3.500000 82.500000 65.000000
v 3.500000 81.000000 65.000000
v -0.000000 81.000000 65.000000
v 3.500000 82.500000 90.500000
v 3.500000 81.000000 90.500000
v -0.000000 82.500000 90.500000
v -0.000000 81.000000 90.500000
vt -8.890000 0.000000 0.000000
vt -0.000000 0.000000 0.000000
vt -8.890000 3.810000 0.000000
vt -0.000000 3.810000 0.000000
vt -64.770000 0.000000 0.000000
vt -0.000000 0.000000 0.000000
vt -64.770000 3.810000 0.000000
vt -0.000000 3.810000 0.000000
vt -8.890000 0.000000 0.000000
vt -0.000000 0.000000 0.000000
vt -8.890000 3.810000 0.000000
vt -0.000000 3.810000 0.000000
vt -64.770000 0.000000 0.000000
vt -0.000000 0.000000 0.000000
vt -64.770000 3.810000 0.000000
vt -0.000000 3.810000 0.000000
vt -32.385000 -4.445000 0.000000
vt 32.385000 -4.445000 0.000000
vt -32.385000 4.445000 0.000000
vt 32.385000 4.445000 0.000000
vt 4.445000 32.385000 0.000000
vt -4.445000 32.385000 0.000000
vt 4.445000 -32.385000 0.000000
vt -4.445000 -32.385000 0.000000
vn 0.000000 0.000000 -2.540000
vn 0.000000 0.000000 -2.540000
vn 0.000000 0.000000 -2.540000
vn 0.000000 0.000000 -2.540000
vn 2.540000 0.000000 0.000000
vn 2.540000 0.000000 0.000000
vn 2.540000 0.000000 0.000000
vn 2.540000 0.000000 0.000000
vn 0.000000 0.000000 2.540000
vn 0.000000 0.000000 2.540000
vn 0.000000 0.000000 2.540000
vn 0.000000 0.000000 2.540000
vn -2.540000 -0.000000 -0.000000
vn -2.540000 -0.000000 -0.000000
vn -2.540000 -0.000000 -0.000000
vn -2.540000 -0.000000 -0.000000
vn 0.000000 -2.540000 0.000000
vn 0.000000 -2.540000 0.000000
vn 0.000000 -2.540000 0.000000
vn 0.000000 -2.540000 0.000000
vn 0.000000 2.540000 0.000000
vn 0.000000 2.540000 0.000000
vn 0.000000 2.540000 0.000000
vn 0.000000 2.540000 0.000000
f 49/145/145 50/146/146 52/147/147
f 52/147/147 50/146/146 51/148/148
f 50/149/149 53/150/150 51/151/151
f 51/151/151 53/150/150 54/152/152
f 53/153/153 55/154/154 54/155/155
f 54/155/155 55/154/154 56/156/156
f 55/157/157 49/158/158 56/159/159
f 56/159/159 49/158/158 52/160/160
f 56/161/161 52/162/162 54/163/163
f 54/163/163 52/162/162 51/164/164
f 55/165/165 53/166/166 49/167/167
f 49/167/167 53/166/166 50/168/168
g bottom

v 0.000000 82.500000 0.000000
v 3.500000 82.500000 0.000000
v 3.500000 81.000000 0.000000
v 0.000000 81.000000 0.000000
v 3.500000 82.500000 3.500000
v 3.500000 81.000000 3.500000
v 0.000000 82.500000 3.500000
v 0.000000 81.000000 3.500000
vt -8.890000 0.000000 0.000000
vt -0.000000 0.000000 0.000000
vt -8.890000 3.810000 0.000000
vt -0.000000 3.810000 0.000000
vt -8.890000 0.000000 0.000000
vt -0.000000 0.000000 0.000000
vt -8.890000 3.810000 0.000000
vt -0.000000 3.810000 0.000000
vt -8.890000 0.000000 0.000000
vt -0.000000 0.000000 0.000000
vt -8.890000 3.810000 0.000000
vt -0.000000 3.810000 0.000000
vt -8.890000 0.000000 0.000000
vt -0.000000 0.000000 0.000000
vt -8.890000 3.810000 0.000000
vt -0.000000 3.810000 0.000000
vt -4.445000 -4.445000 0.000000
vt 4.445000 -4.445000 0.000000
vt -4.445000 4.445000 0.000000
vt 4.445000 4.445000 0.000000
vt 4.445000 4.445000 0.000000
vt -4.445000 4.445000 0.000000
vt 4.445000 -4.445000 0.000000
vt -4.445000 -4.445000 0.000000
vn 0.000000 0.000000 -2.540000
vn 0.000000 0.000000 -2.540000
vn 0.000000 0.000000 -2.540000
vn 0.000000 0.000000 -2.540000
vn 2.540000 0.000000 0.000000
vn 2.540000 0.000000 0.000000
vn 2.540000 0.000000 0.000000
vn 2.540000 0.000000 0.000000
vn 0.000000 0.000000 2.540000
vn 0.000000 0.000000 2.540000
vn 0.000000 0.000000 2.540000
vn 0.000000 0.000000 2.540000
vn -2.540000 -0.000000 -0.000000
vn -2.540000 -0.000000 -0.000000
vn -2.540000 -0.000000 -0.000000
vn -2.540000 -0.000000 -0.000000
vn 0.000000 -2.540000 0.000000
vn 0.000000 -2.540000 0.000000
vn 0.000000 -2.540000 0.000000
vn 0.000000 -2.540000 0.000000
vn 0.000000 2.540000 0.000000
vn 0.000000 2.540000 0.000000
vn 0.000000 2.540000 0.000000
vn 0.000000 2.540000 0.000000
f 57/169/169 58/170/170 60/171/171
f 60/171/171 58/170/170 59/172/172
f 58/173/173 61/174/174 59/175/175
f 59/175/175 61/174/174 62/176/176
f 61/177/177 63/178/178 62/179/179
f 62/179/179 63/178/178 64/180/180
f 63/181/181 57/182/182 64/183/183
f 64/183/183 57/182/182 60/184/184
f 64/185/185 60/186/186 62/187/187
f 62/187/187 60/186/186 59/188/188
f 63/189/189 61/190/190 57/191/191
f 57/191/191 61/190/190 58/192/192
g 2x4 - Post 1

v 0.000000 82.500000 0.000000
v 3.500000 82.500000 0.000000
v 3.500000 82.500000 94.500000
v 0.000000 82.500000 94.500000
v 3.500000 84.000000 0.000000
v 3.500000 84.000000 94.500000
v 0.000000 84.000000 0.000000
v 0.000000 84.000000 94.500000
vt -8.890000 0.000000 0.000000
vt -0.000000 0.000000 0.000000
vt -8.890000 240.030000 0.000000
vt -0.000000 240.030000 0.000000
vt -3.810000 -0.000000 0.000000
vt -0.000000 -0.000000 0.000000
vt -3.810000 240.030000 0.000000
vt -0.000000 240.030000 0.000000
vt -8.890000 -0.000000 0.000000
vt -0.000000 -0.000000 0.000000
vt -8.890000 240.030000 0.000000
vt -0.000000 240.030000 0.000000
vt -3.810000 0.000000 0.000000
vt -0.000000 -0.000000 0.000000
vt -3.810000 240.030000 0.000000
vt -0.000000 240.030000 0.000000
vt 4.445000 1.905000 0.000000
vt -4.445000 1.905000 0.000000
vt 4.445000 -1.905000 0.000000
vt -4.445000 -1.905000 0.000000
vt -4.445000 -1.905000 0.000000
vt 4.445000 -1.905000 0.000000
vt -4.445000 1.905000 0.000000
vt 4.445000 1.905000 0.000000
vn 0.000000 -2.540000 0.000000
vn 0.000000 -2.540000 0.000000
vn 0.000000 -2.540000 0.000000
vn 0.000000 -2.540000 0.000000
vn 2.540000 0.000000 0.000000
vn 2.540000 0.000000 0.000000
vn 2.540000 0.000000 0.000000
vn 2.540000 0.000000 0.000000
vn 0.000000 2.540000 0.000000
vn 0.000000 2.540000 0.000000
vn 0.000000 2.540000 0.000000
vn 0.000000 2.540000 0.000000
vn -2.540000 -0.000000 -0.000000
vn -2.540000 -0.000000 -0.000000
vn -2.540000 -0.000000 -0.000000
vn -2.540000 -0.000000 -0.000000
vn 0.000000 0.000000 2.540000
vn 0.000000 0.000000 2.540000
vn 0.000000 0.000000 2.540000
vn 0.000000 0.000000 2.540000
vn 0.000000 -0.000000 -2.540000
vn 0.000000 -0.000000 -2.540000
vn 0.000000 -0.000000 -2.540000
vn 0.000000 -0.000000 -2.540000
f 65/193/193 66/194/194 68/195/195
f 68/195/195 66/194/194 67/196/196
f 66/197/197 69/198/198 67/199/199
f 67/199/199 69/198/198 70/200/200
f 69/201/201 71/202/202 70/203/203
f 70/203/203 71/202/202 72/204/204
f 71/205/205 65/206/206 72/207/207
f 72/207/207 65/206/206 68/208/208
f 68/209/209 67/210/210 72/211/211
f 72/211/211 67/210/210 70/212/212
f 71/213/213 69/214/214 65/215/215
f 65/215/215 69/214/214 66/216/216
g middle

v -0.000000 82.500000 36.000000
v 3.500000 82.500000 36.000000
v 3.500000 81.000000 36.000000
v -0.000000 81.000000 36.000000
v 3.500000 82.500000 61.500000
v 3.500000 81.000000 61.500000
v -0.000000 82.500000 61.500000
v -0.000000 81.000000 61.500000
vt -8.890000 0.000000 0.000000
vt -0.000000 0.000000 0.000000
vt -8.890000 3.810000 0.000000
vt -0.000000 3.810000 0.000000
vt -64.770000 0.000000 0.000000
vt -0.000000 0.000000 0.000000
vt -64.770000 3.810000 0.000000
vt -0.000000 3.810000 0.000000
vt -8.890000 0.000000 0.000000
vt -0.000000 0.000000 0.000000
vt -8.890000 3.810000 0.000000
vt -0.000000 3.810000 0.000000
vt -64.770000 0.000000 0.000000
vt -0.000000 0.000000 0.000000
vt -64.770000 3.810000 0.000000
vt -0.000000 3.810000 0.000000
vt -32.385000 -4.445000 0.000000
vt 32.385000 -4.445000 0.000000
vt -32.385000 4.445000 0.000000
vt 32.385000 4.445000 0.000000
vt 4.445000 32.385000 0.000000
vt -4.445000 32.385000 0.000000
vt 4.445000 -32.385000 0.000000
vt -4.445000 -32.385000 0.000000
vn 0.000000 0.000000 -2.540000
vn 0.000000 0.000000 -2.540000
vn 0.000000 0.000000 -2.540000
vn 0.000000 0.000000 -2.540000
vn 2.540000 0.000000 0.000000
vn 2.540000 0.000000 0.000000
vn 2.540000 0.000000 0.000000
vn 2.540000 0.000000 0.000000
vn 0.000000 0.000000 2.540000
vn 0.000000 0.000000 2.540000
vn 0.000000 0.000000 2.540000
vn 0.000000 0.000000 2.540000
vn -2.540000 -0.000000 -0.000000
vn -2.540000 -0.000000 -0.000000
vn -2.540000 -0.000000 -0.000000
vn -2.540000 -0.000000 -0.000000
vn 0.000000 -2.540000 0.000000
vn 0.000000 -2.540000 0.000000
vn 0.000000 -2.540000 0.000000
vn 0.000000 -2.540000 0.000000
vn 0.000000 2.540000 0.000000
vn 0.000000 2.540000 0.000000
vn 0.000000 2.540000 0.000000
vn 0.000000 2.540000 0.000000
f 73/217/217 74/218/218 76/219/219
f 76/219/219 74/218/218 75/220/220
f 74/221/221 77/222/222 75/223/223
f 75/223/223 77/222/222 78/224/224
f 77/225/225 79/226/226 78/227/227
f 78/227/227 79/226/226 80/228/228
f 79/229/229 73/230/230 80/231/231
f 80/231/231 73/230/230 76/232/232
f 80/233/233 76/234/234 78/235/235
f 78/235/235 76/234/234 75/236/236
f 79/237/237 77/238/238 73/239/239
f 73/239/239 77/238/238 74/240/240
g lower

v 0.000000 82.500000 7.000000
v 3.500000 82.500000 7.000000
v 3.500000 81.000000 7.000000
v 0.000000 81.000000 7.000000
v 3.500000 82.500000 32.500000
v 3.500000 81.000000 32.500000
v 0.000000 82.500000 32.500000
v 0.000000 81.000000 32.500000
vt -8.890000 0.000000 0.000000
vt -0.000000 0.000000 0.000000
vt -8.890000 3.810000 0.000000
vt -0.000000 3.810000 0.000000
vt -64.770000 0.000000 0.000000
vt -0.000000 0.000000 0.000000
vt -64.770000 3.810000 0.000000
vt -0.000000 3.810000 0.000000
vt -8.890000 0.000000 0.000000
vt -0.000000 0.000000 0.000000
vt -8.890000 3.810000 0.000000
vt -0.000000 3.810000 0.000000
vt -64.770000 0.000000 0.000000
vt -0.000000 0.000000 0.000000
vt -64.770000 3.810000 0.000000
vt -0.000000 3.810000 0.000000
vt -32.385000 -4.445000 0.000000
vt 32.385000 -4.445000 0.000000
vt -32.385000 4.445000 0.000000
vt 32.385000 4.445000 0.000000
vt 4.445000 32.385000 0.000000
vt -4.445000 32.385000 0.000000
vt 4.445000 -32.385000 0.000000
vt -4.445000 -32.385000 0.000000
vn 0.000000 0.000000 -2.540000
vn 0.000000 0.000000 -2.540000
vn 0.000000 0.000000 -2.540000
vn 0.000000 0.000000 -2.540000
vn 2.540000 0.000000 0.000000
vn 2.540000 0.000000 0.000000
vn 2.540000 0.000000 0.000000
vn 2.540000 0.000000 0.000000
vn 0.000000 0.000000 2.540000
vn 0.000000 0.000000 2.540000
vn 0.000000 0.000000 2.540000
vn 0.000000 0.000000 2.540000
vn -2.540000 -0.000000 -0.000000
vn -2.540000 -0.000000 -0.000000
vn -2.540000 -0.000000 -0.000000
vn -2.540000 -0.000000 -0.000000
vn 0.000000 -2.540000 0.000000
vn 0.000000 -2.540000 0.000000
vn 0.000000 -2.540000 0.000000
vn 0.000000 -2.540000 0.000000
vn 0.000000 2.540000 0.000000
vn 0.000000 2.540000 0.000000
vn 0.000000 2.540000 0.000000
vn 0.000000 2.540000 0.000000
f 81/241/241 82/242/242 84/243/243
f 84/243/243 82/242/242 83/244/244
f 82/245/245 85/246/246 83/247/247
f 83/247/247 85/246/246 86/248/248
f 85/249/249 87/250/250 86/251/251
f 86/251/251 87/250/250 88/252/252
f 87/253/253 81/254/254 88/255/255
f 88/255/255 81/254/254 84/256/256
f 88/257/257 84/258/258 86/259/259
f 86/259/259 84/258/258 83/260/260
f 87/261/261 85/262/262 81/263/263
f 81/263/263 85/262/262 82/264/264
g 2x4 - Post 1:1

v 3.500000 1.500000 0.000000
v 0.000000 1.500000 0.000000
v 0.000000 1.500000 94.500000
v 3.500000 1.500000 94.500000
v 3.500000 0.000000 0.000000
v 3.500000 0.000000 94.500000
v 0.000000 0.000000 0.000000
v 0.000000 0.000000 94.500000
vt 0.000000 0.000000 0.000000
vt 8.890000 0.000000 0.000000
vt 0.000000 240.030000 0.000000
vt 8.890000 240.030000 0.000000
vt 0.000000 0.000000 0.000000
vt 3.810000 0.000000 0.000000
vt 0.000000 240.030000 0.000000
vt 3.810000 240.030000 0.000000
vt 0.000000 0.000000 0.000000
vt 8.890000 0.000000 0.000000
vt 0.000000 240.030000 0.000000
vt 8.890000 240.030000 0.000000
vt 0.000000 0.000000 0.000000
vt 3.810000 0.000000 0.000000
vt 0.000000 240.030000 0.000000
vt 3.810000 240.030000 0.000000
vt -4.445000 -1.905000 0.000000
vt 4.445000 -1.905000 0.000000
vt -4.445000 1.905000 0.000000
vt 4.445000 1.905000 0.000000
vt 4.445000 1.905000 0.000000
vt -4.445000 1.905000 0.000000
vt 4.445000 -1.905000 0.000000
vt -4.445000 -1.905000 0.000000
vn 0.000000 2.540000 0.000000
vn 0.000000 2.540000 0.000000
vn 0.000000 2.540000 0.000000
vn 0.000000 2.540000 0.000000
vn 2.540000 0.000000 0.000000
vn 2.540000 0.000000 0.000000
vn 2.540000 0.000000 0.000000
vn 2.540000 0.000000 0.000000
vn 0.000000 -2.540000 0.000000
vn 0.000000 -2.540000 0.000000
vn 0.000000 -2.540000 0.000000
vn 0.000000 -2.540000 0.000000
vn -2.540000 0.000000 0.000000
vn -2.540000 0.000000 0.000000
vn -2.540000 0.000000 0.000000
vn -2.540000 0.000000 0.000000
vn 0.000000 0.000000 2.540000
vn 0.000000 0.000000 2.540000
vn 0.000000 0.000000 2.540000
vn 0.000000 0.000000 2.540000
vn -0.000000 0.000000 -2.540000
vn -0.000000 0.000000 -2.540000
vn -0.000000 0.000000 -2.540000
vn -0.000000 0.000000 -2.540000
f 89/265/265 90/266/266 92/267/267
f 92/267/267 90/266/266 91/268/268
f 93/269/269 89/270/270 94/271/271
f 94/271/271 89/270/270 92/272/272
f 95/273/273 93/274/274 96/275/275
f 96/275/275 93/274/274 94/276/276
f 90/277/277 95/278/278 91/279/279
f 91/279/279 95/278/278 96/280/280
f 96/281/281 94/282/282 91/283/283
f 91/283/283 94/282/282 92/284/284
f 90/285/285 89/286/286 95/287/287
f 95/287/287 89/286/286 93/288/288
g lower:1

v 3.500000 1.500000 7.000000
v 0.000000 1.500000 7.000000
v 0.000000 3.000000 7.000000
v 3.500000 3.000000 7.000000
v 3.500000 1.500000 32.500000
v 3.500000 3.000000 32.500000
v 0.000000 1.500000 32.500000
v 0.000000 3.000000 32.500000
vt -0.000000 0.000000 0.000000
vt 8.890000 0.000000 0.000000
vt -0.000000 3.810000 0.000000
vt 8.890000 3.810000 0.000000
vt -0.000000 0.000000 0.000000
vt 64.770000 0.000000 0.000000
vt -0.000000 3.810000 0.000000
vt 64.770000 3.810000 0.000000
vt 0.000000 0.000000 0.000000
vt 8.890000 0.000000 0.000000
vt 0.000000 3.810000 0.000000
vt 8.890000 3.810000 0.000000
vt 0.000000 0.000000 0.000000
vt 64.770000 0.000000 0.000000
vt 0.000000 3.810000 0.000000
vt 64.770000 3.810000 0.000000
vt -32.385000 -4.445000 0.000000
vt 32.385000 -4.445000 0.000000
vt -32.385000 4.445000 0.000000
vt 32.385000 4.445000 0.000000
vt -4.445000 -32.385000 0.000000
vt 4.445000 -32.385000 0.000000
vt -4.445000 32.385000 0.000000
vt 4.445000 32.385000 0.000000
vn 0.000000 0.000000 -2.540000
vn 0.000000 0.000000 -2.540000
vn 0.000000 0.000000 -2.540000
vn 0.000000 0.000000 -2.540000
vn 2.540000 0.000000 0.000000
vn 2.540000 0.000000 0.000000
vn 2.540000 0.000000 0.000000
vn 2.540000 0.000000 0.000000
vn 0.000000 0.000000 2.540000
vn 0.000000 0.000000 2.540000
vn 0.000000 0.000000 2.540000
vn 0.000000 0.000000 2.540000
vn -2.540000 0.000000 0.000000
vn -2.540000 0.000000 0.000000
vn -2.540000 0.000000 0.000000
vn -2.540000 0.000000 0.000000
vn 0.000000 2.540000 0.000000
vn 0.000000 2.540000 0.000000
vn 0.000000 2.540000 0.000000
vn 0.000000 2.540000 0.000000
vn 0.000000 -2.540000 0.000000
vn 0.000000 -2.540000 0.000000
vn 0.000000 -2.540000 0.000000
vn 0.000000 -2.540000 0.000000
f 97/289/289 98/290/290 100/291/291
f 100/291/291 98/290/290 99/292/292
f 101/293/293 97/294/294 102/295/295
f 102/295/295 97/294/294 100/296/296
f 103/297/297 101/298/298 104/299/299
f 104/299/299 101/298/298 102/300/300
f 98/301/301 103/302/302 99/303/303
f 99/303/303 103/302/302 104/304/304
f 99/305/305 104/306/306 100/307/307
f 100/307/307 104/306/306 102/308/308
f 98/309/309 97/310/310 103/311/311
f 103/311/311 97/310/310 101/312/312
g bottom:1

v 3.500000 1.500000 0.000000
v 0.000000 1.500000 0.000000
v 0.000000 3.000000 0.000000
v 3.500000 3.000000 0.000000
v 3.500000 1.500000 3.500000
v 3.500000 3.000000 3.500000
v 0.000000 1.500000 3.500000
v 0.000000 3.000000 3.500000
vt -0.000000 0.000000 0.000000
vt 8.890000 0.000000 0.000000
vt -0.000000 3.810000 0.000000
vt 8.890000 3.810000 0.000000
vt -0.000000 0.000000 0.000000
vt 8.890000 0.000000 0.000000
vt -0.000000 3.810000 0.000000
vt 8.890000 3.810000 0.000000
vt 0.000000 0.000000 0.000000
vt 8.890000 0.000000 0.000000
vt 0.000000 3.810000 0.000000
vt 8.890000 3.810000 0.000000
vt 0.000000 0.000000 0.000000
vt 8.890000 0.000000 0.000000
vt 0.000000 3.810000 0.000000
vt 8.890000 3.810000 0.000000
vt -4.445000 -4.445000 0.000000
vt 4.445000 -4.445000 0.000000
vt -4.445000 4.445000 0.000000
vt 4.445000 4.445000 0.000000
vt -4.445000 -4.445000 0.000000
vt 4.445000 -4.445000 0.000000
vt -4.445000 4.445000 0.000000
vt 4.445000 4.445000 0.000000
vn 0.000000 0.000000 -2.540000
vn 0.000000 0.000000 -2.540000
vn 0.000000 0.000000 -2.540000
vn 0.000000 0.000000 -2.540000
vn 2.540000 0.000000 0.000000
vn 2.540000 0.000000 0.000000
vn 2.540000 0.000000 0.000000
vn 2.540000 0.000000 0.000000
vn 0.000000 0.000000 2.540000
vn 0.000000 0.000000 2.540000
vn 0.000000 0.000000 2.540000
vn 0.000000 0.000000 2.540000
vn -2.540000 0.000000 0.000000
vn -2.540000 0.000000 0.000000
vn -2.540000 0.000000 0.000000
vn -2.540000 0.000000 0.000000
vn 0.000000 2.540000 0.000000
vn 0.000000 2.540000 0.000000
vn 0.000000 2.540000 0.000000
vn 0.000000 2.540000 0.000000
vn 0.000000 -2.540000 0.000000
vn 0.000000 -2.540000 0.000000
vn 0.000000 -2.540000 0.000000
vn 0.000000 -2.540000 0.000000
f 105/313/313 106/314/314 108/315/315
f 108/315/315 106/314/314 107/316/316
f 109/317/317 105/318/318 110/319/319
f 110/319/319 105/318/318 108/320/320
f 111/321/321 109/322/322 112/323/323
f 112/323/323 109/322/322 110/324/324
f 106/325/325 111/326/326 107/327/327
f 107/327/327 111/326/326 112/328/328
f 107/329/329 112/330/330 108/331/331
f 108/331/331 112/330/330 110/332/332
f 106/333/333 105/334/334 111/335/335
f 111/335/335 105/334/334 109/336/336
g upper:1

v 3.500000 1.500000 65.000000
v -0.000000 1.500000 65.000000
v -0.000000 3.000000 65.000000
v 3.500000 3.000000 65.000000
v 3.500000 1.500000 90.500000
v 3.500000 3.000000 90.500000
v -0.000000 1.500000 90.500000
v -0.000000 3.000000 90.500000
vt -0.000000 0.000000 0.000000
vt 8.890000 0.000000 0.000000
vt -0.000000 3.810000 0.000000
vt 8.890000 3.810000 0.000000
vt -0.000000 0.000000 0.000000
vt 64.770000 0.000000 0.000000
vt -0.000000 3.810000 0.000000
vt 64.770000 3.810000 0.000000
vt 0.000000 0.000000 0.000000
vt 8.890000 0.000000 0.000000
vt 0.000000 3.810000 0.000000
vt 8.890000 3.810000 0.000000
vt 0.000000 0.000000 0.000000
vt 64.770000 0.000000 0.000000
vt 0.000000 3.810000 0.000000
vt 64.770000 3.810000 0.000000
vt -32.385000 -4.445000 0.000000
vt 32.385000 -4.445000 0.000000
vt -32.385000 4.445000 0.000000
vt 32.385000 4.445000 0.000000
vt -4.445000 -32.385000 0.000000
vt 4.445000 -32.385000 0.000000
vt -4.445000 32.385000 0.000000
vt 4.445000 32.385000 0.000000
vn 0.000000 0.000000 -2.540000
vn 0.000000 0.000000 -2.540000
vn 0.000000 0.000000 -2.540000
vn 0.000000 0.000000 -2.540000
vn 2.540000 0.000000 0.000000
vn 2.540000 0.000000 0.000000
vn 2.540000 0.000000 0.000000
vn 2.540000 0.000000 0.000000
vn 0.000000 0.000000 2.540000
vn 0.000000 0.000000 2.540000
vn 0.000000 0.000000 2.540000
vn 0.000000 0.000000 2.540000
vn -2.540000 0.000000 -0.000000
vn -2.540000 0.000000 -0.000000
vn -2.540000 0.000000 -0.000000
vn -2.540000 0.000000 -0.000000
vn 0.000000 2.540000 0.000000
vn 0.000000 2.540000 0.000000
vn 0.000000 2.540000 0.000000
vn 0.000000 2.540000 0.000000
vn 0.000000 -2.540000 0.000000
vn 0.000000 -2.540000 0.000000
vn 0.000000 -2.540000 0.000000
vn 0.000000 -2.540000 0.000000
f 113/337/337 114/338/338 116/339/339
f 116/339/339 114/338/338 115/340/340
f 117/341/341 113/342/342 118/343/343
f 118/343/343 113/342/342 116/344/344
f 119/345/345 117/346/346 120/347/347
f 120/347/347 117/346/346 118/348/348
f 114/349/349 119/350/350 115/351/351
f 115/351/351 119/350/350 120/352/352
f 115/353/353 120/354/354 116/355/355
f 116/355/355 120/354/354 118/356/356
f 114/357/357 113/358/358 119/359/359
f 119/359/359 113/358/358 117/360/360
g middle:1

v 3.500000 1.500000 36.000000
v -0.000000 1.500000 36.000000
v -0.000000 3.000000 36.000000
v 3.500000 3.000000 36.000000
v 3.500000 1.500000 61.500000
v 3.500000 3.000000 61.500000
v -0.000000 1.500000 61.500000
v -0.000000 3.000000 61.500000
vt -0.000000 0.000000 0.000000
vt 8.890000 0.000000 0.000000
vt -0.000000 3.810000 0.000000
vt 8.890000 3.810000 0.000000
vt -0.000000 0.000000 0.000000
vt 64.770000 0.000000 0.000000
vt -0.000000 3.810000 0.000000
vt 64.770000 3.810000 0.000000
vt 0.000000 0.000000 0.000000
vt 8.890000 0.000000 0.000000
vt 0.000000 3.810000 0.000000
vt 8.890000 3.810000 0.000000
vt 0.000000 0.000000 0.000000
vt 64.770000 0.000000 0.000000
vt 0.000000 3.810000 0.000000
vt 64.770000 3.810000 0.000000
vt -32.385000 -4.445000 0.000000
vt 32.385000 -4.445000 0.000000
vt -32.385000 4.445000 0.000000
vt 32.385000 4.445000 0.000000
vt -4.445000 -32.385000 0.000000
vt 4.445000 -32.385000 0.000000
vt -4.445000 32.385000 0.000000
vt 4.445000 32.385000 0.000000
vn 0.000000 0.000000 -2.540000
vn 0.000000 0.000000 -2.540000
vn 0.000000 0.000000 -2.540000
vn 0.000000 0.000000 -2.540000
vn 2.540000 0.000000 0.000000
vn 2.540000 0.000000 0.000000
vn 2.540000 0.000000 0.000000
vn 2.540000 0.000000 0.000000
vn 0.000000 0.000000 2.540000
vn 0.000000 0.000000 2.540000
vn 0.000000 0.000000 2.540000
vn 0.000000 0.000000 2.540000
vn -2.540000 0.000000 -0.000000
vn -2.540000 0.000000 -0.000000
vn -2.540000 0.000000 -0.000000
vn -2.540000 0.000000 -0.000000
vn 0.000000 2.540000 0.000000
vn 0.000000 2.540000 0.000000
vn 0.000000 2.540000 0.000000
vn 0.000000 2.540000 0.000000
vn 0.000000 -2.540000 0.000000
vn 0.000000 -2.540000 0.000000
vn 0.000000 -2.540000 0.000000
vn 0.000000 -2.540000 0.000000
f 121/361/361 122/362/362 124/363/363
f 124/363/363 122/362/362 123/364/364
f 125/365/365 121/366/366 126/367/367
f 126/367/367 121/366/366 124/368/368
f 127/369/369 125/370/370 128/371/371
f 128/371/371 125/370/370 126/372/372
f 122/373/373 127/374/374 123/375/375
f 123/375/375 127/374/374 128/376/376
f 123/377/377 128/378/378 124/379/379
f 124/379/379 128/378/378 126/380/380
f 122/381/381 121/382/382 127/383/383
f 127/383/383 121/382/382 125/384/384
g 2x4 - Post 1:2

v 23.500000 1.500000 0.000000
v 20.000000 1.500000 0.000000
v 20.000000 1.500000 94.500000
v 23.500000 1.500000 94.500000
v 20.000000 0.000000 0.000000
v 20.000000 0.000000 94.500000
v 23.500000 0.000000 0.000000
v 23.500000 0.000000 94.500000
vt -8.890000 0.000000 0.000000
vt -0.000000 0.000000 0.000000
vt -8.890000 240.030000 0.000000
vt -0.000000 240.030000 0.000000
vt -3.810000 -0.000000 0.000000
vt -0.000000 -0.000000 0.000000
vt -3.810000 240.030000 0.000000
vt -0.000000 240.030000 0.000000
vt -8.890000 -0.000000 0.000000
vt -0.000000 -0.000000 0.000000
vt -8.890000 240.030000 0.000000
vt -0.000000 240.030000 0.000000
vt -3.810000 0.000000 0.000000
vt -0.000000 -0.000000 0.000000
vt -3.810000 240.030000 0.000000
vt -0.000000 240.030000 0.000000
vt 4.445000 1.905000 0.000000
vt -4.445000 1.905000 0.000000
vt 4.445000 -1.905000 0.000000
vt -4.445000 -1.905000 0.000000
vt -4.445000 -1.905000 0.000000
vt 4.445000 -1.905000 0.000000
vt -4.445000 1.905000 0.000000
vt 4.445000 1.905000 0.000000
vn 0.000000 2.540000 0.000000
vn 0.000000 2.540000 0.000000
vn 0.000000 2.540000 0.000000
vn 0.000000 2.540000 0.000000
vn -2.540000 0.000000 0.000000
vn -2.540000 0.000000 0.000000
vn -2.540000 0.000000 0.000000
vn -2.540000 0.000000 0.000000
vn 0.000000 -2.540000 0.000000
vn 0.000000 -2.540000 0.000000
vn 0.000000 -2.540000 0.000000
vn 0.000000 -2.540000 0.000000
vn 2.540000 0.000000 0.000000
vn 2.540000 0.000000 0.000000
vn 2.540000 0.000000 0.000000
vn 2.540000 0.000000 0.000000
vn 0.000000 0.000000 2.540000
vn 0.000000 0.000000 2.540000
vn 0.000000 0.000000 2.540000
vn 0.000000 0.000000 2.540000
vn 0.000000 0.000000 -2.540000
vn 0.000000 0.000000 -2.540000
vn 0.000000 0.000000 -2.540000
vn 0.000000 0.000000 -2.540000
f 129/385/385 130/386/386 132/387/387
f 132/387/387 130/386/386 131/388/388
f 130/389/389 133/390/390 131/391/391
f 131/391/391 133/390/390 134/392/392
f 133/393/393 135/394/394 134/395/395
f 134/395/395 135/394/394 136/396/396
f 135/397/397 129/398/398 136/399/399
f 136/399/399 129/398/398 132/400/400
f 132/401/401 131/402/402 136/403/403
f 136/403/403 131/402/402 134/404/404
f 135/405/405 133/406/406 129/407/407
f 129/407/407 133/406/406 130/408/408
g lower:2

v 23.500000 1.500000 7.000000
v 20.000000 1.500000 7.000000
v 20.000000 3.000000 7.000000
v 23.500000 3.000000 7.000000
v 20.000000 1.500000 32.500000
v 20.000000 3.000000 32.500000
v 23.500000 1.500000 32.500000
v 23.500000 3.000000 32.500000
vt -8.890000 0.000000 0.000000
vt -0.000000 0.000000 0.000000
vt -8.890000 3.810000 0.000000
vt -0.000000 3.810000 0.000000
vt -64.770000 0.000000 0.000000
vt -0.000000 0.000000 0.000000
vt -64.770000 3.810000 0.000000
vt -0.000000 3.810000 0.000000
vt -8.890000 0.000000 0.000000
vt -0.000000 0.000000 0.000000
vt -8.890000 3.810000 0.000000
vt -0.000000 3.810000 0.000000
vt -64.770000 0.000000 0.000000
vt -0.000000 0.000000 0.000000
vt -64.770000 3.810000 0.000000
vt -0.000000 3.810000 0.000000
vt -32.385000 -4.445000 0.000000
vt 32.385000 -4.445000 0.000000
vt -32.385000 4.445000 0.000000
vt 32.385000 4.445000 0.000000
vt 4.445000 32.385000 0.000000
vt -4.445000 32.385000 0.000000
vt 4.445000 -32.385000 0.000000
vt -4.445000 -32.385000 0.000000
vn 0.000000 0.000000 -2.540000
vn 0.000000 0.000000 -2.540000
vn 0.000000 0.000000 -2.540000
vn 0.000000 0.000000 -2.540000
vn -2.540000 0.000000 0.000000
vn -2.540000 0.000000 0.000000
vn -2.540000 0.000000 0.000000
vn -2.540000 0.000000 0.000000
vn 0.000000 0.000000 2.540000
vn 0.000000 0.000000 2.540000
vn 0.000000 0.000000 2.540000
vn 0.000000 0.000000 2.540000
vn 2.540000 0.000000 0.000000
vn 2.540000 0.000000 0.000000
vn 2.540000 0.000000 0.000000
vn 2.540000 0.000000 0.000000
vn 0.000000 2.540000 0.000000
vn 0.000000 2.540000 0.000000
vn 0.000000 2.540000 0.000000
vn 0.000000 2.540000 0.000000
vn 0.000000 -2.540000 -0.000000
vn 0.000000 -2.540000 -0.000000
vn 0.000000 -2.540000 -0.000000
vn 0.000000 -2.540000 -0.000000
f 137/409/409 138/410/410 140/411/411
f 140/411/411 138/410/410 139/412/412
f 138/413/413 141/414/414 139/415/415
f 139/415/415 141/414/414 142/416/416
f 141/417/417 143/418/418 142/419/419
f 142/419/419 143/418/418 144/420/420
f 143/421/421 137/422/422 144/423/423
f 144/423/423 137/422/422 140/424/424
f 144/425/425 140/426/426 142/427/427
f 142/427/427 140/426/426 139/428/428
f 143/429/429 141/430/430 137/431/431
f 137/431/431 141/430/430 138/432/432
g bottom:2

v 23.500000 1.500000 0.000000
v 20.000000 1.500000 0.000000
v 20.000000 3.000000 0.000000
v 23.500000 3.000000 0.000000
v 20.000000 1.500000 3.500000
v 20.000000 3.000000 3.500000
v 23.500000 1.500000 3.500000
v 23.500000 3.000000 3.500000
vt -8.890000 0.000000 0.000000
vt -0.000000 0.000000 0.000000
vt -8.890000 3.810000 0.000000
vt -0.000000 3.810000 0.000000
vt -8.890000 0.000000 0.000000
vt -0.000000 0.000000 0.000000
vt -8.890000 3.810000 0.000000
vt -0.000000 3.810000 0.000000
vt -8.890000 0.000000 0.000000
vt -0.000000 0.000000 0.000000
vt -8.890000 3.810000 0.000000
vt -0.000000 3.810000 0.000000
vt -8.890000 0.000000 0.000000
vt -0.000000 0.000000 0.000000
vt -8.890000 3.810000 0.000000
vt -0.000000 3.810000 0.000000
vt -4.445000 -4.445000 0.000000
vt 4.445000 -4.445000 0.000000
vt -4.445000 4.445000 0.000000
vt 4.445000 4.445000 0.000000
vt 4.445000 4.445000 0.000000
vt -4.445000 4.445000 0.000000
vt 4.445000 -4.445000 0.000000
vt -4.445000 -4.445000 0.000000
vn 0.000000 0.000000 -2.540000
vn 0.000000 0.000000 -2.540000
vn 0.000000 0.000000 -2.540000
vn 0.000000 0.000000 -2.540000
vn -2.540000 0.000000 0.000000
vn -2.540000 0.000000 0.000000
vn -2.540000 0.000000 0.000000
vn -2.540000 0.000000 0.000000
vn 0.000000 0.000000 2.540000
vn 0.000000 0.000000 2.540000
vn 0.000000 0.000000 2.540000
vn 0.000000 0.000000 2.540000
vn 2.540000 0.000000 0.000000
vn 2.540000 0.000000 0.000000
vn 2.540000 0.000000 0.000000
vn 2.540000 0.000000 0.000000
vn 0.000000 2.540000 0.000000
vn 0.000000 2.540000 0.000000
vn 0.000000 2.540000 0.000000
vn 0.000000 2.540000 0.000000
vn 0.000000 -2.540000 -0.000000
vn 0.000000 -2.540000 -0.000000
vn 0.000000 -2.540000 -0.000000
vn 0.000000 -2.540000 -0.000000
f 145/433/433 146/434/434 148/435/435
f 148/435/435 146/434/434 147/436/436
f 146/437/437 149/438/438 147/439/439
f 147/439/439 149/438/438 150/440/440
f 149/441/441 151/442/442 150/443/443
f 150/443/443 151/442/442 152/444/444
f 151/445/445 145/446/446 152/447/447
f 152/447/447 145/446/446 148/448/448
f 152/449/449 148/450/450 150/451/451
f 150/451/451 148/450/450 147/452/452
f 151/453/453 149/454/454 145/455/455
f 145/455/455 149/454/454 146/456/456
g upper:2

v 23.500000 1.500000 65.000000
v 20.000000 1.500000 65.000000
v 20.000000 3.000000 65.000000
v 23.500000 3.000000 65.000000
v 20.000000 1.500000 90.500000
v 20.000000 3.000000 90.500000
v 23.500000 1.500000 90.500000
v 23.500000 3.000000 90.500000
vt -8.890000 0.000000 0.000000
vt -0.000000 0.000000 0.000000
vt -8.890000 3.810000 0.000000
vt -0.000000 3.810000 0.000000
vt -64.770000 0.000000 0.000000
vt -0.000000 0.000000 0.000000
vt -64.770000 3.810000 0.000000
vt -0.000000 3.810000 0.000000
vt -8.890000 0.000000 0.000000
vt -0.000000 0.000000 0.000000
vt -8.890000 3.810000 0.000000
vt -0.000000 3.810000 0.000000
vt -64.770000 0.000000 0.000000
vt -0.000000 0.000000 0.000000
vt -64.770000 3.810000 0.000000
vt -0.000000 3.810000 0.000000
vt -32.385000 -4.445000 0.000000
vt 32.385000 -4.445000 0.000000
vt -32.385000 4.445000 0.000000
vt 32.385000 4.445000 0.000000
vt 4.445000 32.385000 0.000000
vt -4.445000 32.385000 0.000000
vt 4.445000 -32.385000 0.000000
vt -4.445000 -32.385000 0.000000
vn 0.000000 0.000000 -2.540000
vn 0.000000 0.000000 -2.540000
vn 0.000000 0.000000 -2.540000
vn 0.000000 0.000000 -2.540000
vn -2.540000 0.000000 0.000000
vn -2.540000 0.000000 0.000000
vn -2.540000 0.000000 0.000000
vn -2.540000 0.000000 0.000000
vn 0.000000 0.000000 2.540000
vn 0.000000 0.000000 2.540000
vn 0.000000 0.000000 2.540000
vn 0.000000 0.000000 2.540000
vn 2.540000 0.000000 -0.000000
vn 2.540000 0.000000 -0.000000
vn 2.540000 0.000000 -0.000000
vn 2.540000 0.000000 -0.000000
vn 0.000000 2.540000 0.000000
vn 0.000000 2.540000 0.000000
vn 0.000000 2.540000 0.000000
vn 0.000000 2.540000 0.000000
vn 0.000000 -2.540000 -0.000000
vn 0.000000 -2.540000 -0.000000
vn 0.000000 -2.540000 -0.000000
vn 0.000000 -2.540000 -0.000000
f 153/457/457 154/458/458 156/459/459
f 156/459/459 154/458/458 155/460/460
f 154/461/461 157/462/462 155/463/463
f 155/463/463 157/462/462 158/464/464
f 157/465/465 159/466/466 158/467/467
f 158/467/467 159/466/466 160/468/468
f 159/469/469 153/470/470 160/471/471
f 160/471/471 153/470/470 156/472/472
f 160/473/473 156/474/474 158/475/475
f 158/475/475 156/474/474 155/476/476
f 159/477/477 157/478/478 153/479/479
f 153/479/479 157/478/478 154/480/480
g middle:2

v 23.500000 1.500000 36.000000
v 20.000000 1.500000 36.000000
v 20.000000 3.000000 36.000000
v 23.500000 3.000000 36.000000
v 20.000000 1.500000 61.500000
v 20.000000 3.000000 61.500000
v 23.500000 1.500000 61.500000
v 23.500000 3.000000 61.500000
vt -8.890000 0.000000 0.000000
vt -0.000000 0.000000 0.000000
vt -8.890000 3.810000 0.000000
vt -0.000000 3.810000 0.000000
vt -64.770000 0.000000 0.000000
vt -0.000000 0.000000 0.000000
vt -64.770000 3.810000 0.000000
vt -0.000000 3.810000 0.000000
vt -8.890000 0.000000 0.000000
vt -0.000000 0.000000 0.000000
vt -8.890000 3.810000 0.000000
vt -0.000000 3.810000 0.000000
vt -64.770000 0.000000 0.000000
vt -0.000000 0.000000 0.000000
vt -64.770000 3.810000 0.000000
vt -0.000000 3.810000 0.000000
vt -32.385000 -4.445000 0.000000
vt 32.385000 -4.445000 0.000000
vt -32.385000 4.445000 0.000000
vt 32.385000 4.445000 0.000000
vt 4.445000 32.385000 0.000000
vt -4.445000 32.385000 0.000000
vt 4.445000 -32.385000 0.000000
vt -4.445000 -32.385000 0.000000
vn 0.000000 0.000000 -2.540000
vn 0.000000 0.000000 -2.540000
vn 0.000000 0.000000 -2.540000
vn 0.000000 0.000000 -2.540000
vn -2.540000 0.000000 0.000000
vn -2.540000 0.000000 0.000000
vn -2.540000 0.000000 0.000000
vn -2.540000 0.000000 0.000000
vn 0.000000 0.000000 2.540000
vn 0.000000 0.000000 2.540000
vn 0.000000 0.000000 2.540000
vn 0.000000 0.000000 2.540000
vn 2.540000 0.000000 -0.000000
vn 2.540000 0.000000 -0.000000
vn 2.540000 0.000000 -0.000000
vn 2.540000 0.000000 -0.000000
vn 0.000000 2.540000 0.000000
vn 0.000000 2.540000 0.000000
vn 0.000000 2.540000 0.000000
vn 0.000000 2.540000 0.000000
vn 0.000000 -2.540000 -0.000000
vn 0.000000 -2.540000 -0.000000
vn 0.000000 -2.540000 -0.000000
vn 0.000000 -2.540000 -0.000000
f 161/481/481 162/482/482 164/483/483
f 164/483/483 162/482/482 163/484/484
f 162/485/485 165/486/486 163/487/487
f 163/487/487 165/486/486 166/488/488
f 165/489/489 167/490/490 166/491/491
f 166/491/491 167/490/490 168/492/492
f 167/493/493 161/494/494 168/495/495
f 168/495/495 161/494/494 164/496/496
f 168/497/497 164/498/498 166/499/499
f 166/499/499 164/498/498 163/500/500
f 167/501/501 165/502/502 161/503/503
f 161/503/503 165/502/502 162/504/504
g 2x4 - Post 1:3

v 20.000000 82.500000 0.000000
v 23.500000 82.500000 0.000000
v 23.500000 82.500000 94.500000
v 20.000000 82.500000 94.500000
v 20.000000 84.000000 0.000000
v 20.000000 84.000000 94.500000
v 23.500000 84.000000 0.000000
v 23.500000 84.000000 94.500000
vt 0.000000 0.000000 0.000000
vt 8.890000 0.000000 0.000000
vt 0.000000 240.030000 0.000000
vt 8.890000 240.030000 0.000000
vt 0.000000 0.000000 0.000000
vt 3.810000 0.000000 0.000000
vt 0.000000 240.030000 0.000000
vt 3.810000 240.030000 0.000000
vt 0.000000 0.000000 0.000000
vt 8.890000 0.000000 0.000000
vt 0.000000 240.030000 0.000000
vt 8.890000 240.030000 0.000000
vt 0.000000 0.000000 0.000000
vt 3.810000 0.000000 0.000000
vt 0.000000 240.030000 0.000000
vt 3.810000 240.030000 0.000000
vt -4.445000 -1.905000 0.000000
vt 4.445000 -1.905000 0.000000
vt -4.445000 1.905000 0.000000
vt 4.445000 1.905000 0.000000
vt 4.445000 1.905000 0.000000
vt -4.445000 1.905000 0.000000
vt 4.445000 -1.905000 0.000000
vt -4.445000 -1.905000 0.000000
vn -0.000000 -2.540000 0.000000
vn -0.000000 -2.540000 0.000000
vn -0.000000 -2.540000 0.000000
vn -0.000000 -2.540000 0.000000
vn -2.540000 0.000000 0.000000
vn -2.540000 0.000000 0.000000
vn -2.540000 0.000000 0.000000
vn -2.540000 0.000000 0.000000
vn 0.000000 2.540000 0.000000
vn 0.000000 2.540000 0.000000
vn 0.000000 2.540000 0.000000
vn 0.000000 2.540000 0.000000
vn 2.540000 0.000000 0.000000
vn 2.540000 0.000000 0.000000
vn 2.540000 0.000000 0.000000
vn 2.540000 0.000000 0.000000
vn 0.000000 0.000000 2.540000
vn 0.000000 0.000000 2.540000
vn 0.000000 0.000000 2.540000
vn 0.000000 0.000000 2.540000
vn 0.000000 0.000000 -2.540000
vn 0.000000 0.000000 -2.540000
vn 0.000000 0.000000 -2.540000
vn 0.000000 0.000000 -2.540000
f 169/505/505 170/506/506 172/507/507
f 172/507/507 170/506/506 171/508/508
f 173/509/509 169/510/510 174/511/511
f 174/511/511 169/510/510 172/512/512
f 175/513/513 173/514/514 176/515/515
f 176/515/515 173/514/514 174/516/516
f 170/517/517 175/518/518 171/519/519
f 171/519/519 175/518/518 176/520/520
f 176/521/521 174/522/522 171/523/523
f 171/523/523 174/522/522 172/524/524
f 170/525/525 169/526/526 175/527/527
f 175/527/527 169/526/526 173/528/528
g lower:3

v 20.000000 82.500000 7.000000
v 23.500000 82.500000 7.000000
v 23.500000 81.000000 7.000000
v 20.000000 81.000000 7.000000
v 20.000000 82.500000 32.500000
v 20.000000 81.000000 32.500000
v 23.500000 82.500000 32.500000
v 23.500000 81.000000 32.500000
vt 0.000000 0.000000 0.000000
vt 8.890000 0.000000 0.000000
vt 0.000000 3.810000 0.000000
vt 8.890000 3.810000 0.000000
vt 0.000000 0.000000 0.000000
vt 64.770000 0.000000 0.000000
vt 0.000000 3.810000 0.000000
vt 64.770000 3.810000 0.000000
vt 0.000000 0.000000 0.000000
vt 8.890000 0.000000 0.000000
vt 0.000000 3.810000 0.000000
vt 8.890000 3.810000 0.000000
vt 0.000000 0.000000 0.000000
vt 64.770000 0.000000 0.000000
vt 0.000000 3.810000 0.000000
vt 64.770000 3.810000 0.000000
vt -32.385000 -4.445000 0.000000
vt 32.385000 -4.445000 0.000000
vt -32.385000 4.445000 0.000000
vt 32.385000 4.445000 0.000000
vt -4.445000 -32.385000 0.000000
vt 4.445000 -32.385000 0.000000
vt -4.445000 32.385000 0.000000
vt 4.445000 32.385000 0.000000
vn -0.000000 -0.000000 -2.540000
vn -0.000000 -0.000000 -2.540000
vn -0.000000 -0.000000 -2.540000
vn -0.000000 -0.000000 -2.540000
vn -2.540000 0.000000 0.000000
vn -2.540000 0.000000 0.000000
vn -2.540000 0.000000 0.000000
vn -2.540000 0.000000 0.000000
vn 0.000000 0.000000 2.540000
vn 0.000000 0.000000 2.540000
vn 0.000000 0.000000 2.540000
vn 0.000000 0.000000 2.540000
vn 2.540000 0.000000 0.000000
vn 2.540000 0.000000 0.000000
vn 2.540000 0.000000 0.000000
vn 2.540000 0.000000 0.000000
vn 0.000000 -2.540000 0.000000
vn 0.000000 -2.540000 0.000000
vn 0.000000 -2.540000 0.000000
vn 0.000000 -2.540000 0.000000
vn 0.000000 2.540000 -0.000000
vn 0.000000 2.540000 -0.000000
vn 0.000000 2.540000 -0.000000
vn 0.000000 2.540000 -0.000000
f 177/529/529 178/530/530 180/531/531
f 180/531/531 178/530/530 179/532/532
f 181/533/533 177/534/534 182/535/535
f 182/535/535 177/534/534 180/536/536
f 183/537/537 181/538/538 184/539/539
f 184/539/539 181/538/538 182/540/540
f 178/541/541 183/542/542 179/543/543
f 179/543/543 183/542/542 184/544/544
f 179/545/545 184/546/546 180/547/547
f 180/547/547 184/546/546 182/548/548
f 178/549/549 177/550/550 183/551/551
f 183/551/551 177/550/550 181/552/552
g bottom:3

v 20.000000 82.500000 0.000000
v 23.500000 82.500000 0.000000
v 23.500000 81.000000 0.000000
v 20.000000 81.000000 0.000000
v 20.000000 82.500000 3.500000
v 20.000000 81.000000 3.500000
v 23.500000 82.500000 3.500000
v 23.500000 81.000000 3.500000
vt 0.000000 0.000000 0.000000
vt 8.890000 0.000000 0.000000
vt 0.000000 3.810000 0.000000
vt 8.890000 3.810000 0.000000
vt 0.000000 0.000000 0.000000
vt 8.890000 0.000000 0.000000
vt 0.000000 3.810000 0.000000
vt 8.890000 3.810000 0.000000
vt 0.000000 0.000000 0.000000
vt 8.890000 0.000000 0.000000
vt 0.000000 3.810000 0.000000
vt 8.890000 3.810000 0.000000
vt 0.000000 0.000000 0.000000
vt 8.890000 0.000000 0.000000
vt 0.000000 3.810000 0.000000
vt 8.890000 3.810000 0.000000
vt -4.445000 -4.445000 0.000000
vt 4.445000 -4.445000 0.000000
vt -4.445000 4.445000 0.000000
vt 4.445000 4.445000 0.000000
vt -4.445000 -4.445000 0.000000
vt 4.445000 -4.445000 0.000000
vt -4.445000 4.445000 0.000000
vt 4.445000 4.445000 0.000000
vn -0.000000 -0.000000 -2.540000
vn -0.000000 -0.000000 -2.540000
vn -0.000000 -0.000000 -2.540000
vn -0.000000 -0.000000 -2.540000
vn -2.540000 0.000000 0.000000
vn -2.540000 0.000000 0.000000
vn -2.540000 0.000000 0.000000
vn -2.540000 0.000000 0.000000
vn 0.000000 0.000000 2.540000
vn 0.000000 0.000000 2.540000
vn 0.000000 0.000000 2.540000
vn 0.000000 0.000000 2.540000
vn 2.540000 0.000000 0.000000
vn 2.540000 0.000000 0.000000
vn 2.540000 0.000000 0.000000
vn 2.540000 0.000000 0.000000
vn 0.000000 -2.540000 0.000000
vn 0.000000 -2.540000 0.000000
vn 0.000000 -2.540000 0.000000
vn 0.000000 -2.540000 0.000000
vn 0.000000 2.540000 -0.000000
vn 0.000000 2.540000 -0.000000
vn 0.000000 2.540000 -0.000000
vn 0.000000 2.540000 -0.000000
f 185/553/553 186/554/554 188/555/555
f 188/555/555 186/554/554 187/556/556
f 189/557/557 185/558/558 190/559/559
f 190/559/559 185/558/558 188/560/560
f 191/561/561 189/562/562 192/563/563
f 192/563/563 189/562/562 190/564/564
f 186/565/565 191/566/566 187/567/567
f 187/567/567 191/566/566 192/568/568
f 187/569/569 192/570/570 188/571/571
f 188/571/571 192/570/570 190/572/572
f 186/573/573 185/574/574 191/575/575
f 191/575/575 185/574/574 189/576/576
g upper:3

v 20.000000 82.500000 65.000000
v 23.500000 82.500000 65.000000
v 23.500000 81.000000 65.000000
v 20.000000 81.000000 65.000000
v 20.000000 82.500000 90.500000
v 20.000000 81.000000 90.500000
v 23.500000 82.500000 90.500000
v 23.500000 81.000000 90.500000
vt 0.000000 0.000000 0.000000
vt 8.890000 0.000000 0.000000
vt 0.000000 3.810000 0.000000
vt 8.890000 3.810000 0.000000
vt 0.000000 0.000000 0.000000
vt 64.770000 0.000000 0.000000
vt 0.000000 3.810000 0.000000
vt 64.770000 3.810000 0.000000
vt 0.000000 0.000000 0.000000
vt 8.890000 0.000000 0.000000
vt 0.000000 3.810000 0.000000
vt 8.890000 3.810000 0.000000
vt 0.000000 0.000000 0.000000
vt 64.770000 0.000000 0.000000
vt 0.000000 3.810000 0.000000
vt 64.770000 3.810000 0.000000
vt -32.385000 -4.445000 0.000000
vt 32.385000 -4.445000 0.000000
vt -32.385000 4.445000 0.000000
vt 32.385000 4.445000 0.000000
vt -4.445000 -32.385000 0.000000
vt 4.445000 -32.385000 0.000000
vt -4.445000 32.385000 0.000000
vt 4.445000 32.385000 0.000000
vn -0.000000 -0.000000 -2.540000
vn -0.000000 -0.000000 -2.540000
vn -0.000000 -0.000000 -2.540000
vn -0.000000 -0.000000 -2.540000
vn -2.540000 0.000000 0.000000
vn -2.540000 0.000000 0.000000
vn -2.540000 0.000000 0.000000
vn -2.540000 0.000000 0.000000
vn 0.000000 0.000000 2.540000
vn 0.000000 0.000000 2.540000
vn 0.000000 0.000000 2.540000
vn 0.000000 0.000000 2.540000
vn 2.540000 0.000000 -0.000000
vn 2.540000 0.000000 -0.000000
vn 2.540000 0.000000 -0.000000
vn 2.540000 0.000000 -0.000000
vn 0.000000 -2.540000 0.000000
vn 0.000000 -2.540000 0.000000
vn 0.000000 -2.540000 0.000000
vn 0.000000 -2.540000 0.000000
vn 0.000000 2.540000 -0.000000
vn 0.000000 2.540000 -0.000000
vn 0.000000 2.540000 -0.000000
vn 0.000000 2.540000 -0.000000
f 193/577/577 194/578/578 196/579/579
f 196/579/579 194/578/578 195/580/580
f 197/581/581 193/582/582 198/583/583
f 198/583/583 193/582/582 196/584/584
f 199/585/585 197/586/586 200/587/587
f 200/587/587 197/586/586 198/588/588
f 194/589/589 199/590/590 195/591/591
f 195/591/591 199/590/590 200/592/592
f 195/593/593 200/594/594 196/595/595
f 196/595/595 200/594/594 198/596/596
f 194/597/597 193/598/598 199/599/599
f 199/599/599 193/598/598 197/600/600
g middle:3

v 20.000000 82.500000 36.000000
v 23.500000 82.500000 36.000000
v 23.500000 81.000000 36.000000
v 20.000000 81.000000 36.000000
v 20.000000 82.500000 61.500000
v 20.000000 81.000000 61.500000
v 23.500000 82.500000 61.500000
v 23.500000 81.000000 61.500000
vt 0.000000 0.000000 0.000000
vt 8.890000 0.000000 0.000000
vt 0.000000 3.810000 0.000000
vt 8.890000 3.810000 0.000000
vt 0.000000 0.000000 0.000000
vt 64.770000 0.000000 0.000000
vt 0.000000 3.810000 0.000000
vt 64.770000 3.810000 0.000000
vt 0.000000 0.000000 0.000000
vt 8.890000 0.000000 0.000000
vt 0.000000 3.810000 0.000000
vt 8.890000 3.810000 0.000000
vt 0.000000 0.000000 0.000000
vt 64.770000 0.000000 0.000000
vt 0.000000 3.810000 0.000000
vt 64.770000 3.810000 0.000000
vt -32.385000 -4.445000 0.000000
vt 32.385000 -4.445000 0.000000
vt -32.385000 4.445000 0.000000
vt 32.385000 4.445000 0.000000
vt -4.445000 -32.385000 0.000000
vt 4.445000 -32.385000 0.000000
vt -4.445000 32.385000 0.000000
vt 4.445000 32.385000 0.000000
vn -0.000000 -0.000000 -2.540000
vn -0.000000 -0.000000 -2.540000
vn -0.000000 -0.000000 -2.540000
vn -0.000000 -0.000000 -2.540000
vn -2.540000 0.000000 0.000000
vn -2.540000 0.000000 0.000000
vn -2.540000 0.000000 0.000000
vn -2.540000 0.000000 0.000000
vn 0.000000 0.000000 2.540000
vn 0.000000 0.000000 2.540000
vn 0.000000 0.000000 2.540000
vn 0.000000 0.000000 2.540000
vn 2.540000 0.000000 -0.000000
vn 2.540000 0.000000 -0.000000
vn 2.540000 0.000000 -0.000000
vn 2.540000 0.000000 -0.000000
vn 0.000000 -2.540000 0.000000
vn 0.000000 -2.540000 0.000000
vn 0.000000 -2.540000 0.000000
vn 0.000000 -2.540000 0.000000
vn 0.000000 2.540000 -0.000000
vn 0.000000 2.540000 -0.000000
vn 0.000000 2.540000 -0.000000
vn 0.000000 2.540000 -0.000000
f 201/601/601 202/602/602 204/603/603
f 204/603/603 202/602/602 203/604/604
f 205/605/605 201/606/606 206/607/607
f 206/607/607 201/606/606 204/608/608
f 207/609/609 205/610/610 208/611/611
f 208/611/611 205/610/610 206/612/612
f 202/613/613 207/614/614 203/615/615
f 203/615/615 207/614/614 208/616/616
f 203/617/617 208/618/618 204/619/619
f 204/619/619 208/618/618 206/620/620
f 202/621/621 201/622/622 207/623/623
f 207/623/623 201/622/622 205/624/624
g Body1:6

v 0.000000 82.500000 94.000000
v 0.000000 1.500000 94.000000
v 0.000000 1.500000 94.500000
v 0.000000 82.500000 94.500000
v 23.500000 82.500000 94.000000
v 23.500000 82.500000 94.500000
v 23.500000 1.500000 94.000000
v 23.500000 1.500000 94.500000
vt -0.000000 0.000000 0.000000
vt 205.740000 0.000000 0.000000
vt -0.000000 1.270000 0.000000
vt 205.740000 1.270000 0.000000
vt -0.000000 0.000000 0.000000
vt 59.690000 0.000000 0.000000
vt -0.000000 1.270000 0.000000
vt 59.690000 1.270000 0.000000
vt 0.000000 0.000000 0.000000
vt 205.740000 0.000000 0.000000
vt 0.000000 1.270000 0.000000
vt 205.740000 1.270000 0.000000
vt 0.000000 0.000000 0.000000
vt 59.690000 0.000000 0.000000
vt 0.000000 1.270000 0.000000
vt 59.690000 1.270000 0.000000
vt -29.845000 -102.870000 0.000000
vt 29.845000 -102.870000 0.000000
vt -29.845000 102.870000 0.000000
vt 29.845000 102.870000 0.000000
vt 29.845000 102.870000 0.000000
vt -29.845000 102.870000 0.000000
vt 29.845000 -102.870000 0.000000
vt -29.845000 -102.870000 0.000000
vn -2.540000 0.000000 0.000000
vn -2.540000 0.000000 0.000000
vn -2.540000 0.000000 0.000000
vn -2.540000 0.000000 0.000000
vn 0.000000 2.540000 0.000000
vn 0.000000 2.540000 0.000000
vn 0.000000 2.540000 0.000000
vn 0.000000 2.540000 0.000000
vn 2.540000 0.000000 0.000000
vn 2.540000 0.000000 0.000000
vn 2.540000 0.000000 0.000000
vn 2.540000 0.000000 0.000000
vn 0.000000 -2.540000 0.000000
vn 0.000000 -2.540000 0.000000
vn 0.000000 -2.540000 0.000000
vn 0.000000 -2.540000 0.000000
vn 0.000000 0.000000 2.540000
vn 0.000000 0.000000 2.540000
vn 0.000000 0.000000 2.540000
vn 0.000000 0.000000 2.540000
vn 0.000000 0.000000 -2.540000
vn 0.000000 0.000000 -2.540000
vn 0.000000 0.000000 -2.540000
vn 0.000000 0.000000 -2.540000
f 209/625/625 210/626/626 212/627/627
f 212/627/627 210/626/626 211/628/628
f 213/629/629 209/630/630 214/631/631
f 214/631/631 209/630/630 212/632/632
f 215/633/633 213/634/634 216/635/635
f 216/635/635 213/634/634 214/636/636
f 210/637/637 215/638/638 211/639/639
f 211/639/639 215/638/638 216/640/640
f 211/641/641 216/642/642 212/643/643
f 212/643/643 216/642/642 214/644/644
f 215/645/645 210/646/646 213/647/647
f 213/647/647 210/646/646 209/648/648
g Body1:7

v 22.000000 1.500000 32.500000
v 22.000000 1.500000 36.000000
v 1.500000 1.500000 36.000000
v 1.500000 1.500000 32.500000
v 22.000000 3.000000 32.500000
v 1.500000 3.000000 32.500000
v 22.000000 3.000000 36.000000
v 1.500000 3.000000 36.000000
vt 0.000000 0.000000 0.000000
vt 8.890000 0.000000 0.000000
vt 0.000000 52.070000 0.000000
vt 8.890000 52.070000 0.000000
vt -0.000000 0.000000 0.000000
vt 3.810000 0.000000 0.000000
vt 0.000000 52.070000 0.000000
vt 3.810000 52.070000 0.000000
vt -0.000000 0.000000 0.000000
vt 8.890000 0.000000 0.000000
vt 0.000000 52.070000 0.000000
vt 8.890000 52.070000 0.000000
vt 0.000000 0.000000 0.000000
vt 3.810000 0.000000 0.000000
vt 0.000000 52.070000 0.000000
vt 3.810000 52.070000 0.000000
vt 4.445000 1.905000 0.000000
vt -4.445000 1.905000 0.000000
vt 4.445000 -1.905000 0.000000
vt -4.445000 -1.905000 0.000000
vt 1.905000 4.445000 0.000000
vt -1.905000 4.445000 0.000000
vt 1.905000 -4.445000 0.000000
vt -1.905000 -4.445000 0.000000
vn 0.000000 -2.540000 0.000000
vn 0.000000 -2.540000 0.000000
vn 0.000000 -2.540000 0.000000
vn 0.000000 -2.540000 0.000000
vn 0.000000 0.000000 -2.540000
vn 0.000000 0.000000 -2.540000
vn 0.000000 0.000000 -2.540000
vn 0.000000 0.000000 -2.540000
vn 0.000000 2.540000 0.000000
vn 0.000000 2.540000 0.000000
vn 0.000000 2.540000 0.000000
vn 0.000000 2.540000 0.000000
vn 0.000000 0.000000 2.540000
vn 0.000000 0.000000 2.540000
vn 0.000000 0.000000 2.540000
vn 0.000000 0.000000 2.540000
vn -2.540000 0.000000 0.000000
vn -2.540000 0.000000 0.000000
vn -2.540000 0.000000 0.000000
vn -2.540000 0.000000 0.000000
vn 2.540000 0.000000 0.000000
vn 2.540000 0.000000 0.000000
vn 2.540000 0.000000 0.000000
vn 2.540000 0.000000 0.000000
f 217/649/649 218/650/650 220/651/651
f 220/651/651 218/650/650 219/652/652
f 221/653/653 217/654/654 222/655/655
f 222/655/655 217/654/654 220/656/656
f 223/657/657 221/658/658 224/659/659
f 224/659/659 221/658/658 222/660/660
f 218/661/661 223/662/662 219/663/663
f 219/663/663 223/662/662 224/664/664
f 224/665/665 222/666/666 219/667/667
f 219/667/667 222/666/666 220/668/668
f 223/669/669 218/670/670 221/671/671
f 221/671/671 218/670/670 217/672/672
g Body1:8

v 22.000000 54.500000 32.500000
v 22.000000 54.500000 36.000000
v 1.500000 54.500000 36.000000
v 1.500000 54.500000 32.500000
v 22.000000 56.000000 32.500000
v 1.500000 56.000000 32.500000
v 22.000000 56.000000 36.000000
v 1.500000 56.000000 36.000000
vt 0.000000 0.000000 0.000000
vt 8.890000 0.000000 0.000000
vt 0.000000 52.070000 0.000000
vt 8.890000 52.070000 0.000000
vt -0.000000 0.000000 0.000000
vt 3.810000 0.000000 0.000000
vt 0.000000 52.070000 0.000000
vt 3.810000 52.070000 0.000000
vt -0.000000 0.000000 0.000000
vt 8.890000 0.000000 0.000000
vt 0.000000 52.070000 0.000000
vt 8.890000 52.070000 0.000000
vt 0.000000 0.000000 0.000000
vt 3.810000 0.000000 0.000000
vt 0.000000 52.070000 0.000000
vt 3.810000 52.070000 0.000000
vt 4.445000 1.905000 0.000000
vt -4.445000 1.905000 0.000000
vt 4.445000 -1.905000 0.000000
vt -4.445000 -1.905000 0.000000
vt 1.905000 4.445000 0.000000
vt -1.905000 4.445000 0.000000
vt 1.905000 -4.445000 0.000000
vt -1.905000 -4.445000 0.000000
vn 0.000000 -2.540000 0.000000
vn 0.000000 -2.540000 0.000000
vn 0.000000 -2.540000 0.000000
vn 0.000000 -2.540000 0.000000
vn 0.000000 0.000000 -2.540000
vn 0.000000 0.000000 -2.540000
vn 0.000000 0.000000 -2.540000
vn 0.000000 0.000000 -2.540000
vn 0.000000 2.540000 0.000000
vn 0.000000 2.540000 0.000000
vn 0.000000 2.540000 0.000000
vn 0.000000 2.540000 0.000000
vn 0.000000 0.000000 2.540000
vn 0.000000 0.000000 2.540000
vn 0.000000 0.000000 2.540000
vn 0.000000 0.000000 2.540000
vn -2.540000 0.000000 0.000000
vn -2.540000 0.000000 0.000000
vn -2.540000 0.000000 0.000000
vn -2.540000 0.000000 0.000000
vn 2.540000 0.000000 0.000000
vn 2.540000 0.000000 0.000000
vn 2.540000 0.000000 0.000000
vn 2.540000 0.000000 0.000000
f 225/673/673 226/674/674 228/675/675
f 228/675/675 226/674/674 227/676/676
f 229/677/677 225/678/678 230/679/679
f 230/679/679 225/678/678 228/680/680
f 231/681/681 229/682/682 232/683/683
f 232/683/683 229/682/682 230/684/684
f 226/685/685 231/686/686 227/687/687
f 227/687/687 231/686/686 232/688/688
f 232/689/689 230/690/690 227/691/691
f 227/691/691 230/690/690 228/692/692
f 231/693/693 226/694/694 229/695/695
f 229/695/695 226/694/694 225/696/696
g Body1:9

v 22.000000 28.000000 32.500000
v 22.000000 28.000000 36.000000
v 1.500000 28.000000 36.000000
v 1.500000 28.000000 32.500000
v 22.000000 29.500000 32.500000
v 1.500000 29.500000 32.500000
v 22.000000 29.500000 36.000000
v 1.500000 29.500000 36.000000
vt 0.000000 0.000000 0.000000
vt 8.890000 0.000000 0.000000
vt 0.000000 52.070000 0.000000
vt 8.890000 52.070000 0.000000
vt -0.000000 0.000000 0.000000
vt 3.810000 0.000000 0.000000
vt 0.000000 52.070000 0.000000
vt 3.810000 52.070000 0.000000
vt -0.000000 0.000000 0.000000
vt 8.890000 0.000000 0.000000
vt 0.000000 52.070000 0.000000
vt 8.890000 52.070000 0.000000
vt 0.000000 0.000000 0.000000
vt 3.810000 0.000000 0.000000
vt 0.000000 52.070000 0.000000
vt 3.810000 52.070000 0.000000
vt 4.445000 1.905000 0.000000
vt -4.445000 1.905000 0.000000
vt 4.445000 -1.905000 0.000000
vt -4.445000 -1.905000 0.000000
vt 1.905000 4.445000 0.000000
vt -1.905000 4.445000 0.000000
vt 1.905000 -4.445000 0.000000
vt -1.905000 -4.445000 0.000000
vn 0.000000 -2.540000 0.000000
vn 0.000000 -2.540000 0.000000
vn 0.000000 -2.540000 0.000000
vn 0.000000 -2.540000 0.000000
vn 0.000000 0.000000 -2.540000
vn 0.000000 0.000000 -2.540000
vn 0.000000 0.000000 -2.540000
vn 0.000000 0.000000 -2.540000
vn 0.000000 2.540000 0.000000
vn 0.000000 2.540000 0.000000
vn 0.000000 2.540000 0.000000
vn 0.000000 2.540000 0.000000
vn 0.000000 0.000000 2.540000
vn 0.000000 0.000000 2.540000
vn 0.000000 0.000000 2.540000
vn 0.000000 0.000000 2.540000
vn -2.540000 0.000000 0.000000
vn -2.540000 0.000000 0.000000
vn -2.540000 0.000000 0.000000
vn -2.540000 0.000000 0.000000
vn 2.540000 0.000000 0.000000
vn 2.540000 0.000000 0.000000
vn 2.540000 0.000000 0.000000
vn 2.540000 0.000000 0.000000
f 233/697/697 234/698/698 236/699/699
f 236/699/699 234/698/698 235/700/700
f 237/701/701 233/702/702 238/703/703
f 238/703/703 233/702/702 236/704/704
f 239/705/705 237/706/706 240/707/707
f 240/707/707 237/706/706 238/708/708
f 234/709/709 239/710/710 235/711/711
f 235/711/711 239/710/710 240/712/712
f 240/713/713 238/714/714 235/715/715
f 235/715/715 238/714/714 236/716/716
f 239/717/717 234/718/718 237/719/719
f 237/719/719 234/718/718 233/720/720
g Body1:10

v 0.000000 82.500000 32.500000
v 0.000000 82.500000 36.000000
v 1.500000 82.500000 36.000000
v 1.500000 82.500000 32.500000
v 0.000000 1.500000 32.500000
v 1.500000 1.500000 32.500000
v 0.000000 1.500000 36.000000
v 1.500000 1.500000 36.000000
vt 0.000000 0.000000 0.000000
vt 8.890000 0.000000 0.000000
vt 0.000000 3.810000 0.000000
vt 8.890000 3.810000 0.000000
vt -0.000000 0.000000 0.000000
vt 205.740000 0.000000 0.000000
vt -0.000000 3.810000 0.000000
vt 205.740000 3.810000 0.000000
vt -0.000000 0.000000 0.000000
vt 8.890000 0.000000 0.000000
vt -0.000000 3.810000 0.000000
vt 8.890000 3.810000 0.000000
vt -0.000000 0.000000 0.000000
vt 205.740000 0.000000 0.000000
vt -0.000000 3.810000 0.000000
vt 205.740000 3.810000 0.000000
vt 102.870000 4.445000 0.000000
vt -102.870000 4.445000 0.000000
vt 102.870000 -4.445000 0.000000
vt -102.870000 -4.445000 0.000000
vt -4.445000 -102.870000 0.000000
vt 4.445000 -102.870000 0.000000
vt -4.445000 102.870000 0.000000
vt 4.445000 102.870000 0.000000
vn 0.000000 2.540000 0.000000
vn 0.000000 2.540000 0.000000
vn 0.000000 2.540000 0.000000
vn 0.000000 2.540000 0.000000
vn 0.000000 0.000000 -2.540000
vn 0.000000 0.000000 -2.540000
vn 0.000000 0.000000 -2.540000
vn 0.000000 0.000000 -2.540000
vn 0.000000 -2.540000 0.000000
vn 0.000000 -2.540000 0.000000
vn 0.000000 -2.540000 0.000000
vn 0.000000 -2.540000 0.000000
vn 0.000000 0.000000 2.540000
vn 0.000000 0.000000 2.540000
vn 0.000000 0.000000 2.540000
vn 0.000000 0.000000 2.540000
vn -2.540000 0.000000 0.000000
vn -2.540000 0.000000 0.000000
vn -2.540000 0.000000 0.000000
vn -2.540000 0.000000 0.000000
vn 2.540000 0.000000 0.000000
vn 2.540000 0.000000 0.000000
vn 2.540000 0.000000 0.000000
vn 2.540000 0.000000 0.000000
f 241/721/721 242/722/722 244/723/723
f 244/723/723 242/722/722 243/724/724
f 245/725/725 241/726/726 246/727/727
f 246/727/727 241/726/726 244/728/728
f 247/729/729 245/730/730 248/731/731
f 248/731/731 245/730/730 246/732/732
f 242/733/733 247/734/734 243/735/735
f 243/735/735 247/734/734 248/736/736
f 247/737/737 242/738/738 245/739/739
f 245/739/739 242/738/738 241/740/740
f 248/741/741 246/742/742 243/743/743
f 243/743/743 246/742/742 244/744/744
g Body1:11

v 22.000000 81.000000 32.500000
v 22.000000 81.000000 36.000000
v 1.500000 81.000000 36.000000
v 1.500000 81.000000 32.500000
v 22.000000 82.500000 32.500000
v 1.500000 82.500000 32.500000
v 22.000000 82.500000 36.000000
v 1.500000 82.500000 36.000000
vt 0.000000 0.000000 0.000000
vt 8.890000 0.000000 0.000000
vt 0.000000 52.070000 0.000000
vt 8.890000 52.070000 0.000000
vt -0.000000 0.000000 0.000000
vt 3.810000 0.000000 0.000000
vt 0.000000 52.070000 0.000000
vt 3.810000 52.070000 0.000000
vt -0.000000 0.000000 0.000000
vt 8.890000 0.000000 0.000000
vt 0.000000 52.070000 0.000000
vt 8.890000 52.070000 0.000000
vt 0.000000 0.000000 0.000000
vt 3.810000 0.000000 0.000000
vt 0.000000 52.070000 0.000000
vt 3.810000 52.070000 0.000000
vt 4.445000 1.905000 0.000000
vt -4.445000 1.905000 0.000000
vt 4.445000 -1.905000 0.000000
vt -4.445000 -1.905000 0.000000
vt 1.905000 4.445000 0.000000
vt -1.905000 4.445000 0.000000
vt 1.905000 -4.445000 0.000000
vt -1.905000 -4.445000 0.000000
vn 0.000000 -2.540000 0.000000
vn 0.000000 -2.540000 0.000000
vn 0.000000 -2.540000 0.000000
vn 0.000000 -2.540000 0.000000
vn 0.000000 0.000000 -2.540000
vn 0.000000 0.000000 -2.540000
vn 0.000000 0.000000 -2.540000
vn 0.000000 0.000000 -2.540000
vn 0.000000 2.540000 0.000000
vn 0.000000 2.540000 0.000000
vn 0.000000 2.540000 0.000000
vn 0.000000 2.540000 0.000000
vn 0.000000 0.000000 2.540000
vn 0.000000 0.000000 2.540000
vn 0.000000 0.000000 2.540000
vn 0.000000 0.000000 2.540000
vn -2.540000 0.000000 0.000000
vn -2.540000 0.000000 0.000000
vn -2.540000 0.000000 0.000000
vn -2.540000 0.000000 0.000000
vn 2.540000 0.000000 0.000000
vn 2.540000 0.000000 0.000000
vn 2.540000 0.000000 0.000000
vn 2.540000 0.000000 0.000000
f 249/745/745 250/746/746 252/747/747
f 252/747/747 250/746/746 251/748/748
f 253/749/749 249/750/750 254/751/751
f 254/751/751 249/750/750 252/752/752
f 255/753/753 253/754/754 256/755/755
f 256/755/755 253/754/754 254/756/756
f 250/757/757 255/758/758 251/759/759
f 251/759/759 255/758/758 256/760/760
f 256/761/761 254/762/762 251/763/763
f 251/763/763 254/762/762 252/764/764
f 255/765/765 250/766/766 253/767/767
f 253/767/767 250/766/766 249/768/768
g Body1:12

v 23.500000 82.500000 36.000000
v 23.500000 82.500000 32.500000
v 22.000000 82.500000 32.500000
v 22.000000 82.500000 36.000000
v 23.500000 1.500000 32.500000
v 22.000000 1.500000 32.500000
v 23.500000 1.500000 36.000000
v 22.000000 1.500000 36.000000
vt -8.890000 0.000000 0.000000
vt -0.000000 0.000000 0.000000
vt -8.890000 3.810000 0.000000
vt -0.000000 3.810000 0.000000
vt -205.740000 0.000000 0.000000
vt 0.000000 0.000000 0.000000
vt -205.740000 3.810000 0.000000
vt 0.000000 3.810000 0.000000
vt -8.890000 0.000000 0.000000
vt -0.000000 0.000000 0.000000
vt -8.890000 3.810000 0.000000
vt -0.000000 3.810000 0.000000
vt -205.740000 0.000000 0.000000
vt -0.000000 0.000000 0.000000
vt -205.740000 3.810000 0.000000
vt -0.000000 3.810000 0.000000
vt 102.870000 4.445000 0.000000
vt -102.870000 4.445000 0.000000
vt 102.870000 -4.445000 0.000000
vt -102.870000 -4.445000 0.000000
vt 4.445000 102.870000 0.000000
vt -4.445000 102.870000 0.000000
vt 4.445000 -102.870000 0.000000
vt -4.445000 -102.870000 0.000000
vn 0.000000 2.540000 0.000000
vn 0.000000 2.540000 0.000000
vn 0.000000 2.540000 0.000000
vn 0.000000 2.540000 0.000000
vn 0.000000 0.000000 -2.540000
vn 0.000000 0.000000 -2.540000
vn 0.000000 0.000000 -2.540000
vn 0.000000 0.000000 -2.540000
vn 0.000000 -2.540000 0.000000
vn 0.000000 -2.540000 0.000000
vn 0.000000 -2.540000 0.000000
vn 0.000000 -2.540000 0.000000
vn 0.000000 0.000000 2.540000
vn 0.000000 0.000000 2.540000
vn 0.000000 0.000000 2.540000
vn 0.000000 0.000000 2.540000
vn 2.540000 0.000000 0.000000
vn 2.540000 0.000000 0.000000
vn 2.540000 0.000000 0.000000
vn 2.540000 0.000000 0.000000
vn -2.540000 0.000000 0.000000
vn -2.540000 0.000000 0.000000
vn -2.540000 0.000000 0.000000
vn -2.540000 0.000000 0.000000
f 257/769/769 258/770/770 260/771/771
f 260/771/771 258/770/770 259/772/772
f 258/773/773 261/774/774 259/775/775
f 259/775/775 261/774/774 262/776/776
f 261/777/777 263/778/778 262/779/779
f 262/779/779 263/778/778 264/780/780
f 263/781/781 257/782/782 264/783/783
f 264/783/783 257/782/782 260/784/784
f 257/785/785 263/786/786 258/787/787
f 258/787/787 263/786/786 261/788/788
f 260/789/789 259/790/790 264/791/791
f 264/791/791 259/790/790 262/792/792
g Body1:13

v 22.000000 1.500000 61.500000
v 22.000000 1.500000 65.000000
v 1.500000 1.500000 65.000000
v 1.500000 1.500000 61.500000
v 22.000000 3.000000 61.500000
v 1.500000 3.000000 61.500000
v 22.000000 3.000000 65.000000
v 1.500000 3.000000 65.000000
vt 0.000000 0.000000 0.000000
vt 8.890000 0.000000 0.000000
vt 0.000000 52.070000 0.000000
vt 8.890000 52.070000 0.000000
vt -0.000000 0.000000 0.000000
vt 3.810000 0.000000 0.000000
vt 0.000000 52.070000 0.000000
vt 3.810000 52.070000 0.000000
vt -0.000000 0.000000 0.000000
vt 8.890000 0.000000 0.000000
vt 0.000000 52.070000 0.000000
vt 8.890000 52.070000 0.000000
vt 0.000000 0.000000 0.000000
vt 3.810000 0.000000 0.000000
vt 0.000000 52.070000 0.000000
vt 3.810000 52.070000 0.000000
vt 4.445000 1.905000 0.000000
vt -4.445000 1.905000 0.000000
vt 4.445000 -1.905000 0.000000
vt -4.445000 -1.905000 0.000000
vt 1.905000 4.445000 0.000000
vt -1.905000 4.445000 0.000000
vt 1.905000 -4.445000 0.000000
vt -1.905000 -4.445000 0.000000
vn 0.000000 -2.540000 0.000000
vn 0.000000 -2.540000 0.000000
vn 0.000000 -2.540000 0.000000
vn 0.000000 -2.540000 0.000000
vn 0.000000 0.000000 -2.540000
vn 0.000000 0.000000 -2.540000
vn 0.000000 0.000000 -2.540000
vn 0.000000 0.000000 -2.540000
vn 0.000000 2.540000 0.000000
vn 0.000000 2.540000 0.000000
vn 0.000000 2.540000 0.000000
vn 0.000000 2.540000 0.000000
vn 0.000000 0.000000 2.540000
vn 0.000000 0.000000 2.540000
vn 0.000000 0.000000 2.540000
vn 0.000000 0.000000 2.540000
vn -2.540000 0.000000 0.000000
vn -2.540000 0.000000 0.000000
vn -2.540000 0.000000 0.000000
vn -2.540000 0.000000 0.000000
vn 2.540000 0.000000 0.000000
vn 2.540000 0.000000 0.000000
vn 2.540000 0.000000 0.000000
vn 2.540000 0.000000 0.000000
f 265/793/793 266/794/794 268/795/795
f 268/795/795 266/794/794 267/796/796
f 269/797/797 265/798/798 270/799/799
f 270/799/799 265/798/798 268/800/800
f 271/801/801 269/802/802 272/803/803
f 272/803/803 269/802/802 270/804/804
f 266/805/805 271/806/806 267/807/807
f 267/807/807 271/806/806 272/808/808
f 272/809/809 270/810/810 267/811/811
f 267/811/811 270/810/810 268/812/812
f 271/813/813 266/814/814 269/815/815
f 269/815/815 266/814/814 265/816/816
g Body1:14

v 22.000000 54.500000 61.500000
v 22.000000 54.500000 65.000000
v 1.500000 54.500000 65.000000
v 1.500000 54.500000 61.500000
v 22.000000 56.000000 61.500000
v 1.500000 56.000000 61.500000
v 22.000000 56.000000 65.000000
v 1.500000 56.000000 65.000000
vt 0.000000 0.000000 0.000000
vt 8.890000 0.000000 0.000000
vt 0.000000 52.070000 0.000000
vt 8.890000 52.070000 0.000000
vt -0.000000 0.000000 0.000000
vt 3.810000 0.000000 0.000000
vt 0.000000 52.070000 0.000000
vt 3.810000 52.070000 0.000000
vt -0.000000 0.000000 0.000000
vt 8.890000 0.000000 0.000000
vt 0.000000 52.070000 0.000000
vt 8.890000 52.070000 0.000000
vt 0.000000 0.000000 0.000000
vt 3.810000 0.000000 0.000000
vt 0.000000 52.070000 0.000000
vt 3.810000 52.070000 0.000000
vt 4.445000 1.905000 0.000000
vt -4.445000 1.905000 0.000000
vt 4.445000 -1.905000 0.000000
vt -4.445000 -1.905000 0.000000
vt 1.905000 4.445000 0.000000
vt -1.905000 4.445000 0.000000
vt 1.905000 -4.445000 0.000000
vt -1.905000 -4.445000 0.000000
vn 0.000000 -2.540000 0.000000
vn 0.000000 -2.540000 0.000000
vn 0.000000 -2.540000 0.000000
vn 0.000000 -2.540000 0.000000
vn 0.000000 0.000000 -2.540000
vn 0.000000 0.000000 -2.540000
vn 0.000000 0.000000 -2.540000
vn 0.000000 0.000000 -2.540000
vn 0.000000 2.540000 0.000000
vn 0.000000 2.540000 0.000000
vn 0.000000 2.540000 0.000000
vn 0.000000 2.540000 0.000000
vn 0.000000 0.000000 2.540000
vn 0.000000 0.000000 2.540000
vn 0.000000 0.000000 2.540000
vn 0.000000 0.000000 2.540000
vn -2.540000 0.000000 0.000000
vn -2.540000 0.000000 0.000000
vn -2.540000 0.000000 0.000000
vn -2.540000 0.000000 0.000000
vn 2.540000 0.000000 0.000000
vn 2.540000 0.000000 0.000000
vn 2.540000 0.000000 0.000000
vn 2.540000 0.000000 0.000000
f 273/817/817 274/818/818 276/819/819
f 276/819/819 274/818/818 275/820/820
f 277/821/821 273/822/822 278/823/823
f 278/823/823 273/822/822 276/824/824
f 279/825/825 277/826/826 280/827/827
f 280/827/827 277/826/826 278/828/828
f 274/829/829 279/830/830 275/831/831
f 275/831/831 279/830/830 280/832/832
f 280/833/833 278/834/834 275/835/835
f 275/835/835 278/834/834 276/836/836
f 279/837/837 274/838/838 277/839/839
f 277/839/839 274/838/838 273/840/840
g Body1:15

v 22.000000 28.000000 61.500000
v 22.000000 28.000000 65.000000
v 1.500000 28.000000 65.000000
v 1.500000 28.000000 61.500000
v 22.000000 29.500000 61.500000
v 1.500000 29.500000 61.500000
v 22.000000 29.500000 65.000000
v 1.500000 29.500000 65.000000
vt 0.000000 0.000000 0.000000
vt 8.890000 0.000000 0.000000
vt 0.000000 52.070000 0.000000
vt 8.890000 52.070000 0.000000
vt -0.000000 0.000000 0.000000
vt 3.810000 0.000000 0.000000
vt 0.000000 52.070000 0.000000
vt 3.810000 52.070000 0.000000
vt -0.000000 0.000000 0.000000
vt 8.890000 0.000000 0.000000
vt 0.000000 52.070000 0.000000
vt 8.890000 52.070000 0.000000
vt 0.000000 0.000000 0.000000
vt 3.810000 0.000000 0.000000
vt 0.000000 52.070000 0.000000
vt 3.810000 52.070000 0.000000
vt 4.445000 1.905000 0.000000
vt -4.445000 1.905000 0.000000
vt 4.445000 -1.905000 0.000000
vt -4.445000 -1.905000 0.000000
vt 1.905000 4.445000 0.000000
vt -1.905000 4.445000 0.000000
vt 1.905000 -4.445000 0.000000
vt -1.905000 -4.445000 0.000000
vn 0.000000 -2.540000 0.000000
vn 0.000000 -2.540000 0.000000
vn 0.000000 -2.540000 0.000000
vn 0.000000 -2.540000 0.000000
vn 0.000000 0.000000 -2.540000
vn 0.000000 0.000000 -2.540000
vn 0.000000 0.000000 -2.540000
vn 0.000000 0.000000 -2.540000
vn 0.000000 2.540000 0.000000
vn 0.000000 2.540000 0.000000
vn 0.000000 2.540000 0.000000
vn 0.000000 2.540000 0.000000
vn 0.000000 0.000000 2.540000
vn 0.000000 0.000000 2.540000
vn 0.000000 0.000000 2.540000
vn 0.000000 0.000000 2.540000
vn -2.540000 0.000000 0.000000
vn -2.540000 0.000000 0.000000
vn -2.540000 0.000000 0.000000
vn -2.540000 0.000000 0.000000
vn 2.540000 0.000000 0.000000
vn 2.540000 0.000000 0.000000
vn 2.540000 0.000000 0.000000
vn 2.540000 0.000000 0.000000
f 281/841/841 282/842/842 284/843/843
f 284/843/843 282/842/842 283/844/844
f 285/845/845 281/846/846 286/847/847
f 286/847/847 281/846/846 284/848/848
f 287/849/849 285/850/850 288/851/851
f 288/851/851 285/850/850 286/852/852
f 282/853/853 287/854/854 283/855/855
f 283/855/855 287/854/854 288/856/856
f 288/857/857 286/858/858 283/859/859
f 283/859/859 286/858/858 284/860/860
f 287/861/861 282/862/862 285/863/863
f 285/863/863 282/862/862 281/864/864
g Body1:16

v 0.000000 82.500000 61.500000
v 0.000000 82.500000 65.000000
v 1.500000 82.500000 65.000000
v 1.500000 82.500000 61.500000
v 0.000000 1.500000 61.500000
v 1.500000 1.500000 61.500000
v 0.000000 1.500000 65.000000
v 1.500000 1.500000 65.000000
vt 0.000000 0.000000 0.000000
vt 8.890000 0.000000 0.000000
vt 0.000000 3.810000 0.000000
vt 8.890000 3.810000 0.000000
vt -0.000000 0.000000 0.000000
vt 205.740000 0.000000 0.000000
vt -0.000000 3.810000 0.000000
vt 205.740000 3.810000 0.000000
vt -0.000000 0.000000 0.000000
vt 8.890000 0.000000 0.000000
vt -0.000000 3.810000 0.000000
vt 8.890000 3.810000 0.000000
vt -0.000000 0.000000 0.000000
vt 205.740000 0.000000 0.000000
vt -0.000000 3.810000 0.000000
vt 205.740000 3.810000 0.000000
vt 102.870000 4.445000 0.000000
vt -102.870000 4.445000 0.000000
vt 102.870000 -4.445000 0.000000
vt -102.870000 -4.445000 0.000000
vt -4.445000 -102.870000 0.000000
vt 4.445000 -102.870000 0.000000
vt -4.445000 102.870000 0.000000
vt 4.445000 102.870000 0.000000
vn 0.000000 2.540000 0.000000
vn 0.000000 2.540000 0.000000
vn 0.000000 2.540000 0.000000
vn 0.000000 2.540000 0.000000
vn 0.000000 0.000000 -2.540000
vn 0.000000 0.000000 -2.540000
vn 0.000000 0.000000 -2.540000
vn 0.000000 0.000000 -2.540000
vn 0.000000 -2.540000 0.000000
vn 0.000000 -2.540000 0.000000
vn 0.000000 -2.540000 0.000000
vn 0.000000 -2.540000 0.000000
vn 0.000000 0.000000 2.540000
vn 0.000000 0.000000 2.540000
vn 0.000000 0.000000 2.540000
vn 0.000000 0.000000 2.540000
vn -2.540000 0.000000 0.000000
vn -2.540000 0.000000 0.000000
vn -2.540000 0.000000 0.000000
vn -2.540000 0.000000 0.000000
vn 2.540000 0.000000 0.000000
vn 2.540000 0.000000 0.000000
vn 2.540000 0.000000 0.000000
vn 2.540000 0.000000 0.000000
f 289/865/865 290/866/866 292/867/867
f 292/867/867 290/866/866 291/868/868
f 293/869/869 289/870/870 294/871/871
f 294/871/871 289/870/870 292/872/872
f 295/873/873 293/874/874 296/875/875
f 296/875/875 293/874/874 294/876/876
f 290/877/877 295/878/878 291/879/879
f 291/879/879 295/878/878 296/880/880
f 295/881/881 290/882/882 293/883/883
f 293/883/883 290/882/882 289/884/884
f 296/885/885 294/886/886 291/887/887
f 291/887/887 294/886/886 292/888/888
g Body1:17

v 22.000000 81.000000 61.500000
v 22.000000 81.000000 65.000000
v 1.500000 81.000000 65.000000
v 1.500000 81.000000 61.500000
v 22.000000 82.500000 61.500000
v 1.500000 82.500000 61.500000
v 22.000000 82.500000 65.000000
v 1.500000 82.500000 65.000000
vt 0.000000 0.000000 0.000000
vt 8.890000 0.000000 0.000000
vt 0.000000 52.070000 0.000000
vt 8.890000 52.070000 0.000000
vt -0.000000 0.000000 0.000000
vt 3.810000 0.000000 0.000000
vt 0.000000 52.070000 0.000000
vt 3.810000 52.070000 0.000000
vt -0.000000 0.000000 0.000000
vt 8.890000 0.000000 0.000000
vt 0.000000 52.070000 0.000000
vt 8.890000 52.070000 0.000000
vt 0.000000 0.000000 0.000000
vt 3.810000 0.000000 0.000000
vt 0.000000 52.070000 0.000000
vt 3.810000 52.070000 0.000000
vt 4.445000 1.905000 0.000000
vt -4.445000 1.905000 0.000000
vt 4.445000 -1.905000 0.000000
vt -4.445000 -1.905000 0.000000
vt 1.905000 4.445000 0.000000
vt -1.905000 4.445000 0.000000
vt 1.905000 -4.445000 0.000000
vt -1.905000 -4.445000 0.000000
vn 0.000000 -2.540000 0.000000
vn 0.000000 -2.540000 0.000000
vn 0.000000 -2.540000 0.000000
vn 0.000000 -2.540000 0.000000
vn 0.000000 0.000000 -2.540000
vn 0.000000 0.000000 -2.540000
vn 0.000000 0.000000 -2.540000
vn 0.000000 0.000000 -2.540000
vn 0.000000 2.540000 0.000000
vn 0.000000 2.540000 0.000000
vn 0.000000 2.540000 0.000000
vn 0.000000 2.540000 0.000000
vn 0.000000 0.000000 2.540000
vn 0.000000 0.000000 2.540000
vn 0.000000 0.000000 2.540000
vn 0.000000 0.000000 2.540000
vn -2.540000 0.000000 0.000000
vn -2.540000 0.000000 0.000000
vn -2.540000 0.000000 0.000000
vn -2.540000 0.000000 0.000000
vn 2.540000 0.000000 0.000000
vn 2.540000 0.000000 0.000000
vn 2.540000 0.000000 0.000000
vn 2.540000 0.000000 0.000000
f 297/889/889 298/890/890 300/891/891
f 300/891/891 298/890/890 299/892/892
f 301/893/893 297/894/894 302/895/895
f 302/895/895 297/894/894 300/896/896
f 303/897/897 301/898/898 304/899/899
f 304/899/899 301/898/898 302/900/900
f 298/901/901 303/902/902 299/903/903
f 299/903/903 303/902/902 304/904/904
f 304/905/905 302/906/906 299/907/907
f 299/907/907 302/906/906 300/908/908
f 303/909/909 298/910/910 301/911/911
f 301/911/911 298/910/910 297/912/912
g Body1:18

v 23.500000 82.500000 65.000000
v 23.500000 82.500000 61.500000
v 22.000000 82.500000 61.500000
v 22.000000 82.500000 65.000000
v 23.500000 1.500000 61.500000
v 22.000000 1.500000 61.500000
v 23.500000 1.500000 65.000000
v 22.000000 1.500000 65.000000
vt -8.890000 0.000000 0.000000
vt -0.000000 0.000000 0.000000
vt -8.890000 3.810000 0.000000
vt -0.000000 3.810000 0.000000
vt -205.740000 0.000000 0.000000
vt 0.000000 0.000000 0.000000
vt -205.740000 3.810000 0.000000
vt 0.000000 3.810000 0.000000
vt -8.890000 0.000000 0.000000
vt -0.000000 0.000000 0.000000
vt -8.890000 3.810000 0.000000
vt -0.000000 3.810000 0.000000
vt -205.740000 0.000000 0.000000
vt -0.000000 0.000000 0.000000
vt -205.740000 3.810000 0.000000
vt -0.000000 3.810000 0.000000
vt 102.870000 4.445000 0.000000
vt -102.870000 4.445000 0.000000
vt 102.870000 -4.445000 0.000000
vt -102.870000 -4.445000 0.000000
vt 4.445000 102.870000 0.000000
vt -4.445000 102.870000 0.000000
vt 4.445000 -102.870000 0.000000
vt -4.445000 -102.870000 0.000000
vn 0.000000 2.540000 0.000000
vn 0.000000 2.540000 0.000000
vn 0.000000 2.540000 0.000000
vn 0.000000 2.540000 0.000000
vn 0.000000 0.000000 -2.540000
vn 0.000000 0.000000 -2.540000
vn 0.000000 0.000000 -2.540000
vn 0.000000 0.000000 -2.540000
vn 0.000000 -2.540000 0.000000
vn 0.000000 -2.540000 0.000000
vn 0.000000 -2.540000 0.000000
vn 0.000000 -2.540000 0.000000
vn 0.000000 0.000000 2.540000
vn 0.000000 0.000000 2.540000
vn 0.000000 0.000000 2.540000
vn 0.000000 0.000000 2.540000
vn 2.540000 0.000000 0.000000
vn 2.540000 0.000000 0.000000
vn 2.540000 0.000000 0.000000
vn 2.540000 0.000000 0.000000
vn -2.540000 0.000000 0.000000
vn -2.540000 0.000000 0.000000
vn -2.540000 0.000000 0.000000
vn -2.540000 0.000000 0.000000
f 305/913/913 306/914/914 308/915/915
f 308/915/915 306/914/914 307/916/916
f 306/917/917 309/918/918 307/919/919
f 307/919/919 309/918/918 310/920/920
f 309/921/921 311/922/922 310/923/923
f 310/923/923 311/922/922 312/924/924
f 311/925/925 305/926/926 312/927/927
f 312/927/927 305/926/926 308/928/928
f 305/929/929 311/930/930 306/931/931
f 306/931/931 311/930/930 309/932/932
f 308/933/933 307/934/934 312/935/935
f 312/935/935 307/934/934 310/936/936
g Body1:19

v 22.000000 1.500000 90.500000
v 22.000000 1.500000 94.000000
v 1.500000 1.500000 94.000000
v 1.500000 1.500000 90.500000
v 22.000000 3.000000 90.500000
v 1.500000 3.000000 90.500000
v 22.000000 3.000000 94.000000
v 1.500000 3.000000 94.000000
vt 0.000000 0.000000 0.000000
vt 8.890000 0.000000 0.000000
vt 0.000000 52.070000 0.000000
vt 8.890000 52.070000 0.000000
vt -0.000000 0.000000 0.000000
vt 3.810000 0.000000 0.000000
vt 0.000000 52.070000 0.000000
vt 3.810000 52.070000 0.000000
vt -0.000000 0.000000 0.000000
vt 8.890000 0.000000 0.000000
vt 0.000000 52.070000 0.000000
vt 8.890000 52.070000 0.000000
vt 0.000000 0.000000 0.000000
vt 3.810000 0.000000 0.000000
vt 0.000000 52.070000 0.000000
vt 3.810000 52.070000 0.000000
vt 4.445000 1.905000 0.000000
vt -4.445000 1.905000 0.000000
vt 4.445000 -1.905000 0.000000
vt -4.445000 -1.905000 0.000000
vt 1.905000 4.445000 0.000000
vt -1.905000 4.445000 0.000000
vt 1.905000 -4.445000 0.000000
vt -1.905000 -4.445000 0.000000
vn 0.000000 -2.540000 0.000000
vn 0.000000 -2.540000 0.000000
vn 0.000000 -2.540000 0.000000
vn 0.000000 -2.540000 0.000000
vn 0.000000 0.000000 -2.540000
vn 0.000000 0.000000 -2.540000
vn 0.000000 0.000000 -2.540000
vn 0.000000 0.000000 -2.540000
vn 0.000000 2.540000 0.000000
vn 0.000000 2.540000 0.000000
vn 0.000000 2.540000 0.000000
vn 0.000000 2.540000 0.000000
vn 0.000000 0.000000 2.540000
vn 0.000000 0.000000 2.540000
vn 0.000000 0.000000 2.540000
vn 0.000000 0.000000 2.540000
vn -2.540000 0.000000 0.000000
vn -2.540000 0.000000 0.000000
vn -2.540000 0.000000 0.000000
vn -2.540000 0.000000 0.000000
vn 2.540000 0.000000 0.000000
vn 2.540000 0.000000 0.000000
vn 2.540000 0.000000 0.000000
vn 2.540000 0.000000 0.000000
f 313/937/937 314/938/938 316/939/939
f 316/939/939 314/938/938 315/940/940
f 317/941/941 313/942/942 318/943/943
f 318/943/943 313/942/942 316/944/944
f 319/945/945 317/946/946 320/947/947
f 320/947/947 317/946/946 318/948/948
f 314/949/949 319/950/950 315/951/951
f 315/951/951 319/950/950 320/952/952
f 320/953/953 318/954/954 315/955/955
f 315/955/955 318/954/954 316/956/956
f 319/957/957 314/958/958 317/959/959
f 317/959/959 314/958/958 313/960/960
g Body1:20

v 22.000000 54.500000 90.500000
v 22.000000 54.500000 94.000000
v 1.500000 54.500000 94.000000
v 1.500000 54.500000 90.500000
v 22.000000 56.000000 90.500000
v 1.500000 56.000000 90.500000
v 22.000000 56.000000 94.000000
v 1.500000 56.000000 94.000000
vt 0.000000 0.000000 0.000000
vt 8.890000 0.000000 0.000000
vt 0.000000 52.070000 0.000000
vt 8.890000 52.070000 0.000000
vt -0.000000 0.000000 0.000000
vt 3.810000 0.000000 0.000000
vt 0.000000 52.070000 0.000000
vt 3.810000 52.070000 0.000000
vt -0.000000 0.000000 0.000000
vt 8.890000 0.000000 0.000000
vt 0.000000 52.070000 0.000000
vt 8.890000 52.070000 0.000000
vt 0.000000 0.000000 0.000000
vt 3.810000 0.000000 0.000000
vt 0.000000 52.070000 0.000000
vt 3.810000 52.070000 0.000000
vt 4.445000 1.905000 0.000000
vt -4.445000 1.905000 0.000000
vt 4.445000 -1.905000 0.000000
vt -4.445000 -1.905000 0.000000
vt 1.905000 4.445000 0.000000
vt -1.905000 4.445000 0.000000
vt 1.905000 -4.445000 0.000000
vt -1.905000 -4.445000 0.000000
vn 0.000000 -2.540000 0.000000
vn 0.000000 -2.540000 0.000000
vn 0.000000 -2.540000 0.000000
vn 0.000000 -2.540000 0.000000
vn 0.000000 0.000000 -2.540000
vn 0.000000 0.000000 -2.540000
vn 0.000000 0.000000 -2.540000
vn 0.000000 0.000000 -2.540000
vn 0.000000 2.540000 0.000000
vn 0.000000 2.540000 0.000000
vn 0.000000 2.540000 0.000000
vn 0.000000 2.540000 0.000000
vn 0.000000 0.000000 2.540000
vn 0.000000 0.000000 2.540000
vn 0.000000 0.000000 2.540000
vn 0.000000 0.000000 2.540000
vn -2.540000 0.000000 0.000000
vn -2.540000 0.000000 0.000000
vn -2.540000 0.000000 0.000000
vn -2.540000 0.000000 0.000000
vn 2.540000 0.000000 0.000000
vn 2.540000 0.000000 0.000000
vn 2.540000 0.000000 0.000000
vn 2.540000 0.000000 0.000000
f 321/961/961 322/962/962 324/963/963
f 324/963/963 322/962/962 323/964/964
f 325/965/965 321/966/966 326/967/967
f 326/967/967 321/966/966 324/968/968
f 327/969/969 325/970/970 328/971/971
f 328/971/971 325/970/970 326/972/972
f 322/973/973 327/974/974 323/975/975
f 323/975/975 327/974/974 328/976/976
f 328/977/977 326/978/978 323/979/979
f 323/979/979 326/978/978 324/980/980
f 327/981/981 322/982/982 325/983/983
f 325/983/983 322/982/982 321/984/984
g Body1:21

v 22.000000 28.000000 90.500000
v 22.000000 28.000000 94.000000
v 1.500000 28.000000 94.000000
v 1.500000 28.000000 90.500000
v 22.000000 29.500000 90.500000
v 1.500000 29.500000 90.500000
v 22.000000 29.500000 94.000000
v 1.500000 29.500000 94.000000
vt 0.000000 0.000000 0.000000
vt 8.890000 0.000000 0.000000
vt 0.000000 52.070000 0.000000
vt 8.890000 52.070000 0.000000
vt -0.000000 0.000000 0.000000
vt 3.810000 0.000000 0.000000
vt 0.000000 52.070000 0.000000
vt 3.810000 52.070000 0.000000
vt -0.000000 0.000000 0.000000
vt 8.890000 0.000000 0.000000
vt 0.000000 52.070000 0.000000
vt 8.890000 52.070000 0.000000
vt 0.000000 0.000000 0.000000
vt 3.810000 0.000000 0.000000
vt 0.000000 52.070000 0.000000
vt 3.810000 52.070000 0.000000
vt 4.445000 1.905000 0.000000
vt -4.445000 1.905000 0.000000
vt 4.445000 -1.905000 0.000000
vt -4.445000 -1.905000 0.000000
vt 1.905000 4.445000 0.000000
vt -1.905000 4.445000 0.000000
vt 1.905000 -4.445000 0.000000
vt -1.905000 -4.445000 0.000000
vn 0.000000 -2.540000 0.000000
vn 0.000000 -2.540000 0.000000
vn 0.000000 -2.540000 0.000000
vn 0.000000 -2.540000 0.000000
vn 0.000000 0.000000 -2.540000
vn 0.000000 0.000000 -2.540000
vn 0.000000 0.000000 -2.540000
vn 0.000000 0.000000 -2.540000
vn 0.000000 2.540000 0.000000
vn 0.000000 2.540000 0.000000
vn 0.000000 2.540000 0.000000
vn 0.000000 2.540000 0.000000
vn 0.000000 0.000000 2.540000
vn 0.000000 0.000000 2.540000
vn 0.000000 0.000000 2.540000
vn 0.000000 0.000000 2.540000
vn -2.540000 0.000000 0.000000
vn -2.540000 0.000000 0.000000
vn -2.540000 0.000000 0.000000
vn -2.540000 0.000000 0.000000
vn 2.540000 0.000000 0.000000
vn 2.540000 0.000000 0.000000
vn 2.540000 0.000000 0.000000
vn 2.540000 0.000000 0.000000
f 329/985/985 330/986/986 332/987/987
f 332/987/987 330/986/986 331/988/988
f 333/989/989 329/990/990 334/991/991
f 334/991/991 329/990/990 332/992/992
f 335/993/993 333/994/994 336/995/995
f 336/995/995 333/994/994 334/996/996
f 330/997/997 335/998/998 331/999/999
f 331/999/999 335/998/998 336/1000/1000
f 336/1001/1001 334/1002/1002 331/1003/1003
f 331/1003/1003 334/1002/1002 332/1004/1004
f 335/1005/1005 330/1006/1006 333/1007/1007
f 333/1007/1007 330/1006/1006 329/1008/1008
g Body1:22

v 0.000000 82.500000 90.500000
v 0.000000 82.500000 94.000000
v 1.500000 82.500000 94.000000
v 1.500000 82.500000 90.500000
v 0.000000 1.500000 90.500000
v 1.500000 1.500000 90.500000
v 0.000000 1.500000 94.000000
v 1.500000 1.500000 94.000000
vt 0.000000 0.000000 0.000000
vt 8.890000 0.000000 0.000000
vt 0.000000 3.810000 0.000000
vt 8.890000 3.810000 0.000000
vt -0.000000 0.000000 0.000000
vt 205.740000 0.000000 0.000000
vt -0.000000 3.810000 0.000000
vt 205.740000 3.810000 0.000000
vt -0.000000 0.000000 0.000000
vt 8.890000 0.000000 0.000000
vt -0.000000 3.810000 0.000000
vt 8.890000 3.810000 0.000000
vt -0.000000 0.000000 0.000000
vt 205.740000 0.000000 0.000000
vt -0.000000 3.810000 0.000000
vt 205.740000 3.810000 0.000000
vt 102.870000 4.445000 0.000000
vt -102.870000 4.445000 0.000000
vt 102.870000 -4.445000 0.000000
vt -102.870000 -4.445000 0.000000
vt -4.445000 -102.870000 0.000000
vt 4.445000 -102.870000 0.000000
vt -4.445000 102.870000 0.000000
vt 4.445000 102.870000 0.000000
vn 0.000000 2.540000 0.000000
vn 0.000000 2.540000 0.000000
vn 0.000000 2.540000 0.000000
vn 0.000000 2.540000 0.000000
vn 0.000000 0.000000 -2.540000
vn 0.000000 0.000000 -2.540000
vn 0.000000 0.000000 -2.540000
vn 0.000000 0.000000 -2.540000
vn 0.000000 -2.540000 0.000000
vn 0.000000 -2.540000 0.000000
vn 0.000000 -2.540000 0.000000
vn 0.000000 -2.540000 0.000000
vn 0.000000 0.000000 2.540000
vn 0.000000 0.000000 2.540000
vn 0.000000 0.000000 2.540000
vn 0.000000 0.000000 2.540000
vn -2.540000 0.000000 0.000000
vn -2.540000 0.000000 0.000000
vn -2.540000 0.000000 0.000000
vn -2.540000 0.000000 0.000000
vn 2.540000 0.000000 0.000000
vn 2.540000 0.000000 0.000000
vn 2.540000 0.000000 0.000000
vn 2.540000 0.000000 0.000000
f 337/1009/1009 338/1010/1010 340/1011/1011
f 340/1011/1011 338/1010/1010 339/1012/1012
f 341/1013/1013 337/1014/1014 342/1015/1015
f 342/1015/1015 337/1014/1014 340/1016/1016
f 343/1017/1017 341/1018/1018 344/1019/1019
f 344/1019/1019 341/1018/1018 342/1020/1020
f 338/1021/1021 343/1022/1022 339/1023/1023
f 339/1023/1023 343/1022/1022 344/1024/1024
f 343/1025/1025 338/1026/1026 341/1027/1027
f 341/1027/1027 338/1026/1026 337/1028/1028
f 344/1029/1029 342/1030/1030 339/1031/1031
f 339/1031/1031 342/1030/1030 340/1032/1032
g Body1:23

v 22.000000 81.000000 90.500000
v 22.000000 81.000000 94.000000
v 1.500000 81.000000 94.000000
v 1.500000 81.000000 90.500000
v 22.000000 82.500000 90.500000
v 1.500000 82.500000 90.500000
v 22.000000 82.500000 94.000000
v 1.500000 82.500000 94.000000
vt 0.000000 0.000000 0.000000
vt 8.890000 0.000000 0.000000
vt 0.000000 52.070000 0.000000
vt 8.890000 52.070000 0.000000
vt -0.000000 0.000000 0.000000
vt 3.810000 0.000000 0.000000
vt 0.000000 52.070000 0.000000
vt 3.810000 52.070000 0.000000
vt -0.000000 0.000000 0.000000
vt 8.890000 0.000000 0.000000
vt 0.000000 52.070000 0.000000
vt 8.890000 52.070000 0.000000
vt 0.000000 0.000000 0.000000
vt 3.810000 0.000000 0.000000
vt 0.000000 52.070000 0.000000
vt 3.810000 52.070000 0.000000
vt 4.445000 1.905000 0.000000
vt -4.445000 1.905000 0.000000
vt 4.445000 -1.905000 0.000000
vt -4.445000 -1.905000 0.000000
vt 1.905000 4.445000 0.000000
vt -1.905000 4.445000 0.000000
vt 1.905000 -4.445000 0.000000
vt -1.905000 -4.445000 0.000000
vn 0.000000 -2.540000 0.000000
vn 0.000000 -2.540000 0.000000
vn 0.000000 -2.540000 0.000000
vn 0.000000 -2.540000 0.000000
vn 0.000000 0.000000 -2.540000
vn 0.000000 0.000000 -2.540000
vn 0.000000 0.000000 -2.540000
vn 0.000000 0.000000 -2.540000
vn 0.000000 2.540000 0.000000
vn 0.000000 2.540000 0.000000
vn 0.000000 2.540000 0.000000
vn 0.000000 2.540000 0.000000
vn 0.000000 0.000000 2.540000
vn 0.000000 0.000000 2.540000
vn 0.000000 0.000000 2.540000
vn 0.000000 0.000000 2.540000
vn -2.540000 0.000000 0.000000
vn -2.540000 0.000000 0.000000
vn -2.540000 0.000000 0.000000
vn -2.540000 0.000000 0.000000
vn 2.540000 0.000000 0.000000
vn 2.540000 0.000000 0.000000
vn 2.540000 0.000000 0.000000
vn 2.540000 0.000000 0.000000
f 345/1033/1033 346/1034/1034 348/1035/1035
f 348/1035/1035 346/1034/1034 347/1036/1036
f 349/1037/1037 345/1038/1038 350/1039/1039
f 350/1039/1039 345/1038/1038 348/1040/1040
f 351/1041/1041 349/1042/1042 352/1043/1043
f 352/1043/1043 349/1042/1042 350/1044/1044
f 346/1045/1045 351/1046/1046 347/1047/1047
f 347/1047/1047 351/1046/1046 352/1048/1048
f 352/1049/1049 350/1050/1050 347/1051/1051
f 347/1051/1051 350/1050/1050 348/1052/1052
f 351/1053/1053 346/1054/1054 349/1055/1055
f 349/1055/1055 346/1054/1054 345/1056/1056
g Body1:24

v 23.500000 82.500000 94.000000
v 23.500000 82.500000 90.500000
v 22.000000 82.500000 90.500000
v 22.000000 82.500000 94.000000
v 23.500000 1.500000 90.500000
v 22.000000 1.500000 90.500000
v 23.500000 1.500000 94.000000
v 22.000000 1.500000 94.000000
vt -8.890000 0.000000 0.000000
vt -0.000000 0.000000 0.000000
vt -8.890000 3.810000 0.000000
vt -0.000000 3.810000 0.000000
vt -205.740000 0.000000 0.000000
vt 0.000000 0.000000 0.000000
vt -205.740000 3.810000 0.000000
vt 0.000000 3.810000 0.000000
vt -8.890000 0.000000 0.000000
vt -0.000000 0.000000 0.000000
vt -8.890000 3.810000 0.000000
vt -0.000000 3.810000 0.000000
vt -205.740000 0.000000 0.000000
vt -0.000000 0.000000 0.000000
vt -205.740000 3.810000 0.000000
vt -0.000000 3.810000 0.000000
vt 102.870000 4.445000 0.000000
vt -102.870000 4.445000 0.000000
vt 102.870000 -4.445000 0.000000
vt -102.870000 -4.445000 0.000000
vt 4.445000 102.870000 0.000000
vt -4.445000 102.870000 0.000000
vt 4.445000 -102.870000 0.000000
vt -4.445000 -102.870000 0.000000
vn 0.000000 2.540000 0.000000
vn 0.000000 2.540000 0.000000
vn 0.000000 2.540000 0.000000
vn 0.000000 2.540000 0.000000
vn 0.000000 0.000000 -2.540000
vn 0.000000 0.000000 -2.540000
vn 0.000000 0.000000 -2.540000
vn 0.000000 0.000000 -2.540000
vn 0.000000 -2.540000 0.000000
vn 0.000000 -2.540000 0.000000
vn 0.000000 -2.540000 0.000000
vn 0.000000 -2.540000 0.000000
vn 0.000000 0.000000 2.540000
vn 0.000000 0.000000 2.540000
vn 0.000000 0.000000 2.540000
vn 0.000000 0.000000 2.540000
vn 2.540000 0.000000 0.000000
vn 2.540000 0.000000 0.000000
vn 2.540000 0.000000 0.000000
vn 2.540000 0.000000 0.000000
vn -2.540000 0.000000 0.000000
vn -2.540000 0.000000 0.000000
vn -2.540000 0.000000 0.000000
vn -2.540000 0.000000 0.000000
f 353/1057/1057 354/1058/1058 356/1059/1059
f 356/1059/1059 354/1058/1058 355/1060/1060
f 354/1061/1061 357/1062/1062 355/1063/1063
f 355/1063/1063 357/1062/1062 358/1064/1064
f 357/1065/1065 359/1066/1066 358/1067/1067
f 358/1067/1067 359/1066/1066 360/1068/1068
f 359/1069/1069 353/1070/1070 360/1071/1071
f 360/1071/1071 353/1070/1070 356/1072/1072
f 353/1073/1073 359/1074/1074 354/1075/1075
f 354/1075/1075 359/1074/1074 357/1076/1076
f 356/1077/1077 355/1078/1078 360/1079/1079
f 360/1079/1079 355/1078/1078 358/1080/1080
g Body8

v 20.000000 82.500000 7.000000
v 3.500000 82.500000 7.000000
v 3.500000 82.500000 7.500000
v 20.000000 82.500000 7.500000
v 20.000000 81.000000 7.000000
v 20.000000 81.000000 7.500000
v 23.500000 81.000000 7.000000
v 23.500000 81.000000 7.500000
v 23.500000 2.986712 7.000000
v 23.500000 2.986712 7.500000
v 19.970814 2.986712 7.000000
v 19.970814 2.986712 7.500000
v 19.970814 1.500000 7.000000
v 19.970814 1.500000 7.500000
v 3.500000 1.500000 7.000000
v 3.500000 1.500000 7.500000
v 3.500000 3.000000 7.000000
v 3.500000 3.000000 7.500000
v 0.000000 3.000000 7.000000
v 0.000000 3.000000 7.500000
v 0.000000 81.000000 7.000000
v 0.000000 81.000000 7.500000
v 3.500000 81.000000 7.000000
v 3.500000 81.000000 7.500000
vt -0.000000 0.000000 0.000000
vt 41.910000 0.000000 0.000000
vt -0.000000 1.270000 0.000000
vt 41.910000 1.270000 0.000000
vt 0.000000 0.000000 0.000000
vt 3.810000 0.000000 0.000000
vt 0.000000 1.270000 0.000000
vt 3.810000 1.270000 0.000000
vt -0.000000 0.000000 0.000000
vt 8.890000 0.000000 0.000000
vt -0.000000 1.270000 0.000000
vt 8.890000 1.270000 0.000000
vt 0.000000 0.000000 0.000000
vt 198.153753 0.000000 0.000000
vt 0.000000 1.270000 0.000000
vt 198.153753 1.270000 0.000000
vt 0.000000 0.000000 0.000000
vt 8.964132 0.000000 0.000000
vt 0.000000 1.270000 0.000000
vt 8.964132 1.270000 0.000000
vt 0.000000 0.000000 0.000000
vt 3.776247 0.000000 0.000000
vt 0.000000 1.270000 0.000000
vt 3.776247 1.270000 0.000000
vt 0.000000 0.000000 0.000000
vt 41.835868 0.000000 0.000000
vt 0.000000 1.270000 0.000000
vt 41.835868 1.270000 0.000000
vt -0.000000 0.000000 0.000000
vt 3.810000 0.000000 0.000000
vt -0.000000 1.270000 0.000000
vt 3.810000 1.270000 0.000000
vt 0.000000 0.000000 0.000000
vt 8.890000 0.000000 0.000000
vt 0.000000 1.270000 0.000000
vt 8.890000 1.270000 0.000000
vt -0.000000 0.000000 0.000000
vt 198.120000 0.000000 0.000000
vt -0.000000 1.270000 0.000000
vt 198.120000 1.270000 0.000000
vt 0.000000 0.000000 0.000000
vt 8.890000 0.000000 0.000000
vt 0.000000 1.270000 0.000000
vt 8.890000 1.270000 0.000000
vt 0.000000 0.000000 0.000000
vt 3.810000 0.000000 0.000000
vt 0.000000 1.270000 0.000000
vt 3.810000 1.270000 0.000000
vt 20.955000 102.870000 0.000000
vt -20.955000 102.870000 0.000000
vt 20.955000 99.060000 0.000000
vt -20.955000 99.060000 0.000000
vt 20.880868 -99.093753 0.000000
vt -20.955000 -99.060000 0.000000
vt -20.955000 -102.870000 0.000000
vt -29.845000 99.060000 0.000000
vt -29.845000 -99.060000 0.000000
vt 20.880868 -102.870000 0.000000
vt 29.845000 -99.093753 0.000000
vt 29.845000 99.060000 0.000000
vt -20.955000 -102.870000 0.000000
vt 20.955000 -102.870000 0.000000
vt -20.955000 -99.060000 0.000000
vt 20.955000 -99.060000 0.000000
vt 20.880868 99.093753 0.000000
vt 29.845000 99.093753 0.000000
vt 29.845000 -99.060000 0.000000
vt 20.880868 102.870000 0.000000
vt -20.955000 102.870000 0.000000
vt -20.955000 99.060000 0.000000
vt -29.845000 99.060000 0.000000
vt -29.845000 -99.060000 0.000000
vn 0.000000 2.540000 0.000000
vn 0.000000 2.540000 0.000000
vn 0.000000 2.540000 0.000000
vn 0.000000 2.540000 0.000000
vn 2.540000 0.000000 0.000000
vn 2.540000 0.000000 0.000000
vn 2.540000 0.000000 0.000000
vn 2.540000 0.000000 0.000000
vn 0.000000 2.540000 0.000000
vn 0.000000 2.540000 0.000000
vn 0.000000 2.540000 0.000000
vn 0.000000 2.540000 0.000000
vn 2.540000 0.000000 0.000000
vn 2.540000 0.000000 0.000000
vn 2.540000 0.000000 0.000000
vn 2.540000 0.000000 0.000000
vn 0.000000 -2.540000 0.000000
vn 0.000000 -2.540000 0.000000
vn 0.000000 -2.540000 0.000000
vn 0.000000 -2.540000 0.000000
vn 2.540000 0.000000 0.000000
vn 2.540000 0.000000 0.000000
vn 2.540000 0.000000 0.000000
vn 2.540000 0.000000 0.000000
vn -0.000000 -2.540000 0.000000
vn -0.000000 -2.540000 0.000000
vn -0.000000 -2.540000 0.000000
vn -0.000000 -2.540000 0.000000
vn -2.540000 0.000000 0.000000
vn -2.540000 0.000000 0.000000
vn -2.540000 0.000000 0.000000
vn -2.540000 0.000000 0.000000
vn 0.000000 -2.540000 0.000000
vn 0.000000 -2.540000 0.000000
vn 0.000000 -2.540000 0.000000
vn 0.000000 -2.540000 0.000000
vn -2.540000 -0.000000 0.000000
vn -2.540000 -0.000000 0.000000
vn -2.540000 -0.000000 0.000000
vn -2.540000 -0.000000 0.000000
vn 0.000000 2.540000 0.000000
vn 0.000000 2.540000 0.000000
vn 0.000000 2.540000 0.000000
vn 0.000000 2.540000 0.000000
vn -2.540000 0.000000 0.000000
vn -2.540000 0.000000 0.000000
vn -2.540000 0.000000 0.000000
vn -2.540000 0.000000 0.000000
vn 0.000000 0.000000 2.540000
vn 0.000000 0.000000 2.540000
vn 0.000000 0.000000 2.540000
vn 0.000000 0.000000 2.540000
vn 0.000000 0.000000 2.540000
vn 0.000000 0.000000 2.540000
vn 0.000000 0.000000 2.540000
vn 0.000000 0.000000 2.540000
vn 0.000000 0.000000 2.540000
vn 0.000000 0.000000 2.540000
vn 0.000000 0.000000 2.540000
vn 0.000000 0.000000 2.540000
vn 0.000000 0.000000 -2.540000
vn 0.000000 0.000000 -2.540000
vn 0.000000 0.000000 -2.540000
vn 0.000000 0.000000 -2.540000
vn 0.000000 0.000000 -2.540000
vn 0.000000 0.000000 -2.540000
vn 0.000000 0.000000 -2.540000
vn 0.000000 0.000000 -2.540000
vn 0.000000 0.000000 -2.540000
vn 0.000000 0.000000 -2.540000
vn 0.000000 0.000000 -2.540000
vn 0.000000 0.000000 -2.540000
f 361/1081/1081 362/1082/1082 364/1083/1083
f 364/1083/1083 362/1082/1082 363/1084/1084
f 365/1085/1085 361/1086/1086 366/1087/1087
f 366/1087/1087 361/1086/1086 364/1088/1088
f 367/1089/1089 365/1090/1090 368/1091/1091
f 368/1091/1091 365/1090/1090 366/1092/1092
f 369/1093/1093 367/1094/1094 370/1095/1095
f 370/1095/1095 367/1094/1094 368/1096/1096
f 371/1097/1097 369/1098/1098 372/1099/1099
f 372/1099/1099 369/1098/1098 370/1100/1100
f 373/1101/1101 371/1102/1102 374/1103/1103
f 374/1103/1103 371/1102/1102 372/1104/1104
f 375/1105/1105 373/1106/1106 376/1107/1107
f 376/1107/1107 373/1106/1106 374/1108/1108
f 377/1109/1109 375/1110/1110 378/1111/1111
f 378/1111/1111 375/1110/1110 376/1112/1112
f 379/1113/1113 377/1114/1114 380/1115/1115
f 380/1115/1115 377/1114/1114 378/1116/1116
f 381/1117/1117 379/1118/1118 382/1119/1119
f 382/1119/1119 379/1118/1118 380/1120/1120
f 383/1121/1121 381/1122/1122 384/1123/1123
f 384/1123/1123 381/1122/1122 382/1124/1124
f 362/1125/1125 383/1126/1126 363/1127/1127
f 363/1127/1127 383/1126/1126 384/1128/1128
f 364/1129/1129 363/1130/1130 366/1131/1131
f 366/1131/1131 363/1130/1130 384/1132/1132
f 366/1131/1131 384/1132/1132 372/1133/1133
f 372/1133/1133 384/1132/1132 378/1134/1134
f 372/1133/1133 378/1134/1134 376/1135/1135
f 384/1132/1132 382/1136/1136 378/1134/1134
f 378/1134/1134 382/1136/1136 380/1137/1137
f 376/1135/1135 374/1138/1138 372/1133/1133
f 372/1133/1133 370/1139/1139 366/1131/1131
f 366/1131/1131 370/1139/1139 368/1140/1140
f 362/1141/1141 361/1142/1142 383/1143/1143
f 383/1143/1143 361/1142/1142 365/1144/1144
f 383/1143/1143 365/1144/1144 371/1145/1145
f 371/1145/1145 365/1144/1144 369/1146/1146
f 369/1146/1146 365/1144/1144 367/1147/1147
f 373/1148/1148 375/1149/1149 371/1145/1145
f 371/1145/1145 375/1149/1149 377/1150/1150
f 371/1145/1145 377/1150/1150 383/1143/1143
f 383/1143/1143 377/1150/1150 379/1151/1151
f 383/1143/1143 379/1151/1151 381/1152/1152
g Body9

v 20.000000 82.500000 36.000000
v 3.500000 82.500000 36.000000
v 3.500000 82.500000 36.500000
v 20.000000 82.500000 36.500000
v 20.000000 81.000000 36.000000
v 20.000000 81.000000 36.500000
v 23.500000 81.000000 36.000000
v 23.500000 81.000000 36.500000
v 23.500000 2.986712 36.000000
v 23.500000 2.986712 36.500000
v 19.970814 2.986712 36.000000
v 19.970814 2.986712 36.500000
v 19.970814 1.500000 36.000000
v 19.970814 1.500000 36.500000
v 3.500000 1.500000 36.000000
v 3.500000 1.500000 36.500000
v 3.500000 3.000000 36.000000
v 3.500000 3.000000 36.500000
v 0.000000 3.000000 36.000000
v 0.000000 3.000000 36.500000
v 0.000000 81.000000 36.000000
v 0.000000 81.000000 36.500000
v 3.500000 81.000000 36.000000
v 3.500000 81.000000 36.500000
vt -0.000000 0.000000 0.000000
vt 41.910000 0.000000 0.000000
vt -0.000000 1.270000 0.000000
vt 41.910000 1.270000 0.000000
vt 0.000000 0.000000 0.000000
vt 3.810000 0.000000 0.000000
vt 0.000000 1.270000 0.000000
vt 3.810000 1.270000 0.000000
vt -0.000000 0.000000 0.000000
vt 8.890000 0.000000 0.000000
vt -0.000000 1.270000 0.000000
vt 8.890000 1.270000 0.000000
vt 0.000000 0.000000 0.000000
vt 198.153753 0.000000 0.000000
vt 0.000000 1.270000 0.000000
vt 198.153753 1.270000 0.000000
vt 0.000000 0.000000 0.000000
vt 8.964132 0.000000 0.000000
vt 0.000000 1.270000 0.000000
vt 8.964132 1.270000 0.000000
vt 0.000000 0.000000 0.000000
vt 3.776247 0.000000 0.000000
vt 0.000000 1.270000 0.000000
vt 3.776247 1.270000 0.000000
vt 0.000000 0.000000 0.000000
vt 41.835868 0.000000 0.000000
vt 0.000000 1.270000 0.000000
vt 41.835868 1.270000 0.000000
vt -0.000000 0.000000 0.000000
vt 3.810000 0.000000 0.000000
vt -0.000000 1.270000 0.000000
vt 3.810000 1.270000 0.000000
vt 0.000000 0.000000 0.000000
vt 8.890000 0.000000 0.000000
vt 0.000000 1.270000 0.000000
vt 8.890000 1.270000 0.000000
vt -0.000000 0.000000 0.000000
vt 198.120000 0.000000 0.000000
vt -0.000000 1.270000 0.000000
vt 198.120000 1.270000 0.000000
vt 0.000000 0.000000 0.000000
vt 8.890000 0.000000 0.000000
vt 0.000000 1.270000 0.000000
vt 8.890000 1.270000 0.000000
vt 0.000000 0.000000 0.000000
vt 3.810000 0.000000 0.000000
vt 0.000000 1.270000 0.000000
vt 3.810000 1.270000 0.000000
vt 20.955000 102.870000 0.000000
vt -20.955000 102.870000 0.000000
vt 20.955000 99.060000 0.000000
vt -20.955000 99.060000 0.000000
vt 20.880868 -99.093753 0.000000
vt -20.955000 -99.060000 0.000000
vt -20.955000 -102.870000 0.000000
vt -29.845000 99.060000 0.000000
vt -29.845000 -99.060000 0.000000
vt 20.880868 -102.870000 0.000000
vt 29.845000 -99.093753 0.000000
vt 29.845000 99.060000 0.000000
vt -20.955000 -102.870000 0.000000
vt 20.955000 -102.870000 0.000000
vt -20.955000 -99.060000 0.000000
vt 20.955000 -99.060000 0.000000
vt 20.880868 99.093753 0.000000
vt 29.845000 99.093753 0.000000
vt 29.845000 -99.060000 0.000000
vt 20.880868 102.870000 0.000000
vt -20.955000 102.870000 0.000000
vt -20.955000 99.060000 0.000000
vt -29.845000 99.060000 0.000000
vt -29.845000 -99.060000 0.000000
vn 0.000000 2.540000 0.000000
vn 0.000000 2.540000 0.000000
vn 0.000000 2.540000 0.000000
vn 0.000000 2.540000 0.000000
vn 2.540000 0.000000 0.000000
vn 2.540000 0.000000 0.000000
vn 2.540000 0.000000 0.000000
vn 2.540000 0.000000 0.000000
vn 0.000000 2.540000 0.000000
vn 0.000000 2.540000 0.000000
vn 0.000000 2.540000 0.000000
vn 0.000000 2.540000 0.000000
vn 2.540000 0.000000 0.000000
vn 2.540000 0.000000 0.000000
vn 2.540000 0.000000 0.000000
vn 2.540000 0.000000 0.000000
vn 0.000000 -2.540000 0.000000
vn 0.000000 -2.540000 0.000000
vn 0.000000 -2.540000 0.000000
vn 0.000000 -2.540000 0.000000
vn 2.540000 0.000000 0.000000
vn 2.540000 0.000000 0.000000
vn 2.540000 0.000000 0.000000
vn 2.540000 0.000000 0.000000
vn -0.000000 -2.540000 0.000000
vn -0.000000 -2.540000 0.000000
vn -0.000000 -2.540000 0.000000
vn -0.000000 -2.540000 0.000000
vn -2.540000 0.000000 0.000000
vn -2.540000 0.000000 0.000000
vn -2.540000 0.000000 0.000000
vn -2.540000 0.000000 0.000000
vn 0.000000 -2.540000 0.000000
vn 0.000000 -2.540000 0.000000
vn 0.000000 -2.540000 0.000000
vn 0.000000 -2.540000 0.000000
vn -2.540000 -0.000000 0.000000
vn -2.540000 -0.000000 0.000000
vn -2.540000 -0.000000 0.000000
vn -2.540000 -0.000000 0.000000
vn 0.000000 2.540000 0.000000
vn 0.000000 2.540000 0.000000
vn 0.000000 2.540000 0.000000
vn 0.000000 2.540000 0.000000
vn -2.540000 0.000000 0.000000
vn -2.540000 0.000000 0.000000
vn -2.540000 0.000000 0.000000
vn -2.540000 0.000000 0.000000
vn 0.000000 0.000000 2.540000
vn 0.000000 0.000000 2.540000
vn 0.000000 0.000000 2.540000
vn 0.000000 0.000000 2.540000
vn 0.000000 0.000000 2.540000
vn 0.000000 0.000000 2.540000
vn 0.000000 0.000000 2.540000
vn 0.000000 0.000000 2.540000
vn 0.000000 0.000000 2.540000
vn 0.000000 0.000000 2.540000
vn 0.000000 0.000000 2.540000
vn 0.000000 0.000000 2.540000
vn 0.000000 0.000000 -2.540000
vn 0.000000 0.000000 -2.540000
vn 0.000000 0.000000 -2.540000
vn 0.000000 0.000000 -2.540000
vn 0.000000 0.000000 -2.540000
vn 0.000000 0.000000 -2.540000
vn 0.000000 0.000000 -2.540000
vn 0.000000 0.000000 -2.540000
vn 0.000000 0.000000 -2.540000
vn 0.000000 0.000000 -2.540000
vn 0.000000 0.000000 -2.540000
vn 0.000000 0.000000 -2.540000
f 385/1153/1153 386/1154/1154 388/1155/1155
f 388/1155/1155 386/1154/1154 387/1156/1156
f 389/1157/1157 385/1158/1158 390/1159/1159
f 390/1159/1159 385/1158/1158 388/1160/1160
f 391/1161/1161 389/1162/1162 392/1163/1163
f 392/1163/1163 389/1162/1162 390/1164/1164
f 393/1165/1165 391/1166/1166 394/1167/1167
f 394/1167/1167 391/1166/1166 392/1168/1168
f 395/1169/1169 393/1170/1170 396/1171/1171
f 396/1171/1171 393/1170/1170 394/1172/1172
f 397/1173/1173 395/1174/1174 398/1175/1175
f 398/1175/1175 395/1174/1174 396/1176/1176
f 399/1177/1177 397/1178/1178 400/1179/1179
f 400/1179/1179 397/1178/1178 398/1180/1180
f 401/1181/1181 399/1182/1182 402/1183/1183
f 402/1183/1183 399/1182/1182 400/1184/1184
f 403/1185/1185 401/1186/1186 404/1187/1187
f 404/1187/1187 401/1186/1186 402/1188/1188
f 405/1189/1189 403/1190/1190 406/1191/1191
f 406/1191/1191 403/1190/1190 404/1192/1192
f 407/1193/1193 405/1194/1194 408/1195/1195
f 408/1195/1195 405/1194/1194 406/1196/1196
f 386/1197/1197 407/1198/1198 387/1199/1199
f 387/1199/1199 407/1198/1198 408/1200/1200
f 388/1201/1201 387/1202/1202 390/1203/1203
f 390/1203/1203 387/1202/1202 408/1204/1204
f 390/1203/1203 408/1204/1204 396/1205/1205
f 396/1205/1205 408/1204/1204 402/1206/1206
f 396/1205/1205 402/1206/1206 400/1207/1207
f 408/1204/1204 406/1208/1208 402/1206/1206
f 402/1206/1206 406/1208/1208 404/1209/1209
f 400/1207/1207 398/1210/1210 396/1205/1205
f 396/1205/1205 394/1211/1211 390/1203/1203
f 390/1203/1203 394/1211/1211 392/1212/1212
f 386/1213/1213 385/1214/1214 407/1215/1215
f 407/1215/1215 385/1214/1214 389/1216/1216
f 407/1215/1215 389/1216/1216 395/1217/1217
f 395/1217/1217 389/1216/1216 393/1218/1218
f 393/1218/1218 389/1216/1216 391/1219/1219
f 397/1220/1220 399/1221/1221 395/1217/1217
f 395/1217/1217 399/1221/1221 401/1222/1222
f 395/1217/1217 401/1222/1222 407/1215/1215
f 407/1215/1215 401/1222/1222 403/1223/1223
f 407/1215/1215 403/1223/1223 405/1224/1224
g Body10

v 20.000000 82.500000 65.000000
v 3.500000 82.500000 65.000000
v 3.500000 82.500000 65.500000
v 20.000000 82.500000 65.500000
v 20.000000 81.000000 65.000000
v 20.000000 81.000000 65.500000
v 23.500000 81.000000 65.000000
v 23.500000 81.000000 65.500000
v 23.500000 2.986712 65.000000
v 23.500000 2.986712 65.500000
v 19.970814 2.986712 65.000000
v 19.970814 2.986712 65.500000
v 19.970814 1.500000 65.000000
v 19.970814 1.500000 65.500000
v 3.500000 1.500000 65.000000
v 3.500000 1.500000 65.500000
v 3.500000 3.000000 65.000000
v 3.500000 3.000000 65.500000
v 0.000000 3.000000 65.000000
v 0.000000 3.000000 65.500000
v 0.000000 81.000000 65.000000
v 0.000000 81.000000 65.500000
v 3.500000 81.000000 65.000000
v 3.500000 81.000000 65.500000
vt -0.000000 0.000000 0.000000
vt 41.910000 0.000000 0.000000
vt -0.000000 1.270000 0.000000
vt 41.910000 1.270000 0.000000
vt 0.000000 0.000000 0.000000
vt 3.810000 0.000000 0.000000
vt 0.000000 1.270000 0.000000
vt 3.810000 1.270000 0.000000
vt -0.000000 0.000000 0.000000
vt 8.890000 0.000000 0.000000
vt -0.000000 1.270000 0.000000
vt 8.890000 1.270000 0.000000
vt 0.000000 0.000000 0.000000
vt 198.153753 0.000000 0.000000
vt 0.000000 1.270000 0.000000
vt 198.153753 1.270000 0.000000
vt 0.000000 0.000000 0.000000
vt 8.964132 0.000000 0.000000
vt 0.000000 1.270000 0.000000
vt 8.964132 1.270000 0.000000
vt 0.000000 0.000000 0.000000
vt 3.776247 0.000000 0.000000
vt 0.000000 1.270000 0.000000
vt 3.776247 1.270000 0.000000
vt 0.000000 0.000000 0.000000
vt 41.835868 0.000000 0.000000
vt 0.000000 1.270000 0.000000
vt 41.835868 1.270000 0.000000
vt -0.000000 0.000000 0.000000
vt 3.810000 0.000000 0.000000
vt -0.000000 1.270000 0.000000
vt 3.810000 1.270000 0.000000
vt 0.000000 0.000000 0.000000
vt 8.890000 0.000000 0.000000
vt 0.000000 1.270000 0.000000
vt 8.890000 1.270000 0.000000
vt -0.000000 0.000000 0.000000
vt 198.120000 0.000000 0.000000
vt -0.000000 1.270000 0.000000
vt 198.120000 1.270000 0.000000
vt 0.000000 0.000000 0.000000
vt 8.890000 0.000000 0.000000
vt 0.000000 1.270000 0.000000
vt 8.890000 1.270000 0.000000
vt 0.000000 0.000000 0.000000
vt 3.810000 0.000000 0.000000
vt 0.000000 1.270000 0.000000
vt 3.810000 1.270000 0.000000
vt 20.955000 102.870000 0.000000
vt -20.955000 102.870000 0.000000
vt 20.955000 99.060000 0.000000
vt -20.955000 99.060000 0.000000
vt 20.880868 -99.093753 0.000000
vt -20.955000 -99.060000 0.000000
vt -20.955000 -102.870000 0.000000
vt -29.845000 99.060000 0.000000
vt -29.845000 -99.060000 0.000000
vt 20.880868 -102.870000 0.000000
vt 29.845000 -99.093753 0.000000
vt 29.845000 99.060000 0.000000
vt -20.955000 -102.870000 0.000000
vt 20.955000 -102.870000 0.000000
vt -20.955000 -99.060000 0.000000
vt 20.955000 -99.060000 0.000000
vt 20.880868 99.093753 0.000000
vt 29.845000 99.093753 0.000000
vt 29.845000 -99.060000 0.000000
vt 20.880868 102.870000 0.000000
vt -20.955000 102.870000 0.000000
vt -20.955000 99.060000 0.000000
vt -29.845000 99.060000 0.000000
vt -29.845000 -99.060000 0.000000
vn 0.000000 2.540000 0.000000
vn 0.000000 2.540000 0.000000
vn 0.000000 2.540000 0.000000
vn 0.000000 2.540000 0.000000
vn 2.540000 0.000000 0.000000
vn 2.540000 0.000000 0.000000
vn 2.540000 0.000000 0.000000
vn 2.540000 0.000000 0.000000
vn 0.000000 2.540000 0.000000
vn 0.000000 2.540000 0.000000
vn 0.000000 2.540000 0.000000
vn 0.000000 2.540000 0.000000
vn 2.540000 0.000000 0.000000
vn 2.540000 0.000000 0.000000
vn 2.540000 0.000000 0.000000
vn 2.540000 0.000000 0.000000
vn 0.000000 -2.540000 0.000000
vn 0.000000 -2.540000 0.000000
vn 0.000000 -2.540000 0.000000
vn 0.000000 -2.540000 0.000000
vn 2.540000 0.000000 0.000000
vn 2.540000 0.000000 0.000000
vn 2.540000 0.000000 0.000000
vn 2.540000 0.000000 0.000000
vn -0.000000 -2.540000 0.000000
vn -0.000000 -2.540000 0.000000
vn -0.000000 -2.540000 0.000000
vn -0.000000 -2.540000 0.000000
vn -2.540000 0.000000 0.000000
vn -2.540000 0.000000 0.000000
vn -2.540000 0.000000 0.000000
vn -2.540000 0.000000 0.000000
vn 0.000000 -2.540000 0.000000
vn 0.000000 -2.540000 0.000000
vn 0.000000 -2.540000 0.000000
vn 0.000000 -2.540000 0.000000
vn -2.540000 -0.000000 0.000000
vn -2.540000 -0.000000 0.000000
vn -2.540000 -0.000000 0.000000
vn -2.540000 -0.000000 0.000000
vn 0.000000 2.540000 0.000000
vn 0.000000 2.540000 0.000000
vn 0.000000 2.540000 0.000000
vn 0.000000 2.540000 0.000000
vn -2.540000 0.000000 0.000000
vn -2.540000 0.000000 0.000000
vn -2.540000 0.000000 0.000000
vn -2.540000 0.000000 0.000000
vn 0.000000 0.000000 2.540000
vn 0.000000 0.000000 2.540000
vn 0.000000 0.000000 2.540000
vn 0.000000 0.000000 2.540000
vn 0.000000 0.000000 2.540000
vn 0.000000 0.000000 2.540000
vn 0.000000 0.000000 2.540000
vn 0.000000 0.000000 2.540000
vn 0.000000 0.000000 2.540000
vn 0.000000 0.000000 2.540000
vn 0.000000 0.000000 2.540000
vn 0.000000 0.000000 2.540000
vn 0.000000 0.000000 -2.540000
vn 0.000000 0.000000 -2.540000
vn 0.000000 0.000000 -2.540000
vn 0.000000 0.000000 -2.540000
vn 0.000000 0.000000 -2.540000
vn 0.000000 0.000000 -2.540000
vn 0.000000 0.000000 -2.540000
vn 0.000000 0.000000 -2.540000
vn 0.000000 0.000000 -2.540000
vn 0.000000 0.000000 -2.540000
vn 0.000000 0.000000 -2.540000
vn 0.000000 0.000000 -2.540000
f 409/1225/1225 410/1226/1226 412/1227/1227
f 412/1227/1227 410/1226/1226 411/1228/1228
f 413/1229/1229 409/1230/1230 414/1231/1231
f 414/1231/1231 409/1230/1230 412/1232/1232
f 415/1233/1233 413/1234/1234 416/1235/1235
f 416/1235/1235 413/1234/1234 414/1236/1236
f 417/1237/1237 415/1238/1238 418/1239/1239
f 418/1239/1239 415/1238/1238 416/1240/1240
f 419/1241/1241 417/1242/1242 420/1243/1243
f 420/1243/1243 417/1242/1242 418/1244/1244
f 421/1245/1245 419/1246/1246 422/1247/1247
f 422/1247/1247 419/1246/1246 420/1248/1248
f 423/1249/1249 421/1250/1250 424/1251/1251
f 424/1251/1251 421/1250/1250 422/1252/1252
f 425/1253/1253 423/1254/1254 426/1255/1255
f 426/1255/1255 423/1254/1254 424/1256/1256
f 427/1257/1257 425/1258/1258 428/1259/1259
f 428/1259/1259 425/1258/1258 426/1260/1260
f 429/1261/1261 427/1262/1262 430/1263/1263
f 430/1263/1263 427/1262/1262 428/1264/1264
f 431/1265/1265 429/1266/1266 432/1267/1267
f 432/1267/1267 429/1266/1266 430/1268/1268
f 410/1269/1269 431/1270/1270 411/1271/1271
f 411/1271/1271 431/1270/1270 432/1272/1272
f 412/1273/1273 411/1274/1274 414/1275/1275
f 414/1275/1275 411/1274/1274 432/1276/1276
f 414/1275/1275 432/1276/1276 420/1277/1277
f 420/1277/1277 432/1276/1276 426/1278/1278
f 420/1277/1277 426/1278/1278 424/1279/1279
f 432/1276/1276 430/1280/1280 426/1278/1278
f 426/1278/1278 430/1280/1280 428/1281/1281
f 424/1279/1279 422/1282/1282 420/1277/1277
f 420/1277/1277 418/1283/1283 414/1275/1275
f 414/1275/1275 418/1283/1283 416/1284/1284
f 410/1285/1285 409/1286/1286 431/1287/1287
f 431/1287/1287 409/1286/1286 413/1288/1288
f 431/1287/1287 413/1288/1288 419/1289/1289
f 419/1289/1289 413/1288/1288 417/1290/1290
f 417/1290/1290 413/1288/1288 415/1291/1291
f 421/1292/1292 423/1293/1293 419/1289/1289
f 419/1289/1289 423/1293/1293 425/1294/1294
f 419/1289/1289 425/1294/1294 431/1287/1287
f 431/1287/1287 425/1294/1294 427/1295/1295
f 431/1287/1287 427/1295/1295 429/1296/1296
# 432 vertices
# 1296 texture params
# 1296 normals
# 672 facets

# 48 groups
